########## R s1
number of parameters: 63.52M
Model type: R | params 63,517,184 | delimiter 764 | device cuda
Fine-tuning for 5000 iters on lengths [256, 512, 768, 1024]:
  iter    1  L=1024 bs=4  loss 7.2464  (0.64s/it)
  iter   10  L= 256 bs=16  loss 1.3236  (0.26s/it)
  iter   20  L= 512 bs=8  loss 1.5423  (0.24s/it)
  iter   30  L=1024 bs=4  loss 2.1165  (0.23s/it)
  iter   40  L= 256 bs=16  loss 1.7620  (0.23s/it)
  iter   50  L=1024 bs=4  loss 2.1682  (0.23s/it)
  iter   60  L=1024 bs=4  loss 0.3286  (0.22s/it)
  iter   70  L=1024 bs=4  loss 1.4785  (0.22s/it)
  iter   80  L= 256 bs=16  loss 1.7768  (0.22s/it)
  iter   90  L=1024 bs=4  loss 0.6797  (0.22s/it)
  iter  100  L= 256 bs=16  loss 0.7696  (0.22s/it)
  iter  110  L= 768 bs=5  loss 2.1841  (0.22s/it)
  iter  120  L= 256 bs=16  loss 1.4234  (0.22s/it)
  iter  130  L= 256 bs=16  loss 1.1393  (0.22s/it)
  iter  140  L= 512 bs=8  loss 0.5421  (0.22s/it)
  iter  150  L= 512 bs=8  loss 1.1980  (0.22s/it)
  iter  160  L=1024 bs=4  loss 1.4142  (0.22s/it)
  iter  170  L= 768 bs=5  loss 3.5899  (0.22s/it)
  iter  180  L= 512 bs=8  loss 1.3098  (0.22s/it)
  iter  190  L= 512 bs=8  loss 0.9473  (0.22s/it)
  iter  200  L= 256 bs=16  loss 0.9516  (0.22s/it)
  iter  210  L= 768 bs=5  loss 0.5031  (0.21s/it)
  iter  220  L= 256 bs=16  loss 1.4737  (0.22s/it)
  iter  230  L= 768 bs=5  loss 1.2152  (0.22s/it)
  iter  240  L= 512 bs=8  loss 1.3694  (0.22s/it)
  iter  250  L= 768 bs=5  loss 1.5301  (0.21s/it)
  iter  260  L= 256 bs=16  loss 0.7482  (0.21s/it)
  iter  270  L= 768 bs=5  loss 0.9031  (0.21s/it)
  iter  280  L=1024 bs=4  loss 1.0815  (0.21s/it)
  iter  290  L= 256 bs=16  loss 1.5242  (0.21s/it)
  iter  300  L= 256 bs=16  loss 1.5552  (0.21s/it)
  iter  310  L= 512 bs=8  loss 0.4199  (0.21s/it)
  iter  320  L= 512 bs=8  loss 1.2637  (0.21s/it)
  iter  330  L=1024 bs=4  loss 0.6390  (0.21s/it)
  iter  340  L= 512 bs=8  loss 1.0643  (0.21s/it)
  iter  350  L= 512 bs=8  loss 0.2593  (0.21s/it)
  iter  360  L= 768 bs=5  loss 0.8209  (0.21s/it)
  iter  370  L= 512 bs=8  loss 1.2761  (0.21s/it)
  iter  380  L= 768 bs=5  loss 1.4550  (0.21s/it)
  iter  390  L= 768 bs=5  loss 0.8030  (0.21s/it)
  iter  400  L= 256 bs=16  loss 0.4922  (0.21s/it)
  iter  410  L= 256 bs=16  loss 0.5024  (0.21s/it)
  iter  420  L= 512 bs=8  loss 0.6324  (0.21s/it)
  iter  430  L=1024 bs=4  loss 1.5368  (0.21s/it)
  iter  440  L=1024 bs=4  loss 0.4816  (0.21s/it)
  iter  450  L= 512 bs=8  loss 1.3596  (0.21s/it)
  iter  460  L= 256 bs=16  loss 0.7343  (0.21s/it)
  iter  470  L= 768 bs=5  loss 0.4336  (0.21s/it)
  iter  480  L= 768 bs=5  loss 0.0366  (0.21s/it)
  iter  490  L= 512 bs=8  loss 1.1272  (0.21s/it)
  iter  500  L=1024 bs=4  loss 0.8131  (0.21s/it)
  iter  510  L= 256 bs=16  loss 0.9863  (0.21s/it)
  iter  520  L= 512 bs=8  loss 0.8751  (0.21s/it)
  iter  530  L= 512 bs=8  loss 0.2622  (0.21s/it)
  iter  540  L= 768 bs=5  loss 0.2474  (0.21s/it)
  iter  550  L= 256 bs=16  loss 1.0431  (0.21s/it)
  iter  560  L= 256 bs=16  loss 1.0851  (0.21s/it)
  iter  570  L=1024 bs=4  loss 0.4157  (0.21s/it)
  iter  580  L= 768 bs=5  loss 1.3172  (0.21s/it)
  iter  590  L=1024 bs=4  loss 1.6420  (0.21s/it)
  iter  600  L= 768 bs=5  loss 1.8329  (0.21s/it)
  iter  610  L= 512 bs=8  loss 1.4934  (0.21s/it)
  iter  620  L= 512 bs=8  loss 1.2801  (0.21s/it)
  iter  630  L=1024 bs=4  loss 1.8437  (0.21s/it)
  iter  640  L= 768 bs=5  loss 1.6292  (0.21s/it)
  iter  650  L= 512 bs=8  loss 0.1685  (0.21s/it)
  iter  660  L= 768 bs=5  loss 0.8013  (0.21s/it)
  iter  670  L= 256 bs=16  loss 0.4708  (0.21s/it)
  iter  680  L= 512 bs=8  loss 1.4747  (0.21s/it)
  iter  690  L= 256 bs=16  loss 0.6795  (0.21s/it)
  iter  700  L= 512 bs=8  loss 1.5350  (0.21s/it)
  iter  710  L=1024 bs=4  loss 1.3166  (0.21s/it)
  iter  720  L= 768 bs=5  loss 1.1065  (0.21s/it)
  iter  730  L= 256 bs=16  loss 0.5911  (0.21s/it)
  iter  740  L=1024 bs=4  loss 0.0252  (0.21s/it)
  iter  750  L= 512 bs=8  loss 0.3309  (0.21s/it)
  iter  760  L= 256 bs=16  loss 0.9612  (0.21s/it)
  iter  770  L= 512 bs=8  loss 1.6186  (0.21s/it)
  iter  780  L=1024 bs=4  loss 0.5252  (0.21s/it)
  iter  790  L= 768 bs=5  loss 2.1680  (0.21s/it)
  iter  800  L= 256 bs=16  loss 0.8360  (0.21s/it)
  iter  810  L= 512 bs=8  loss 1.2528  (0.21s/it)
  iter  820  L=1024 bs=4  loss 0.3363  (0.21s/it)
  iter  830  L=1024 bs=4  loss 0.0127  (0.21s/it)
  iter  840  L=1024 bs=4  loss 0.1800  (0.21s/it)
  iter  850  L= 768 bs=5  loss 0.6438  (0.21s/it)
  iter  860  L= 512 bs=8  loss 1.0991  (0.21s/it)
  iter  870  L=1024 bs=4  loss 1.3049  (0.21s/it)
  iter  880  L= 256 bs=16  loss 0.9764  (0.21s/it)
  iter  890  L= 256 bs=16  loss 1.0624  (0.21s/it)
  iter  900  L= 768 bs=5  loss 0.6996  (0.21s/it)
  iter  910  L= 256 bs=16  loss 0.5461  (0.21s/it)
  iter  920  L=1024 bs=4  loss 0.5494  (0.21s/it)
  iter  930  L= 512 bs=8  loss 1.4334  (0.21s/it)
  iter  940  L= 256 bs=16  loss 0.5235  (0.21s/it)
  iter  950  L= 256 bs=16  loss 0.6838  (0.21s/it)
  iter  960  L= 512 bs=8  loss 0.6482  (0.21s/it)
  iter  970  L= 768 bs=5  loss 0.3341  (0.21s/it)
  iter  980  L= 256 bs=16  loss 0.5678  (0.21s/it)
  iter  990  L= 512 bs=8  loss 1.1634  (0.21s/it)
  iter 1000  L= 512 bs=8  loss 0.3773  (0.21s/it)
  iter 1010  L=1024 bs=4  loss 1.1351  (0.21s/it)
  iter 1020  L= 512 bs=8  loss 0.8912  (0.21s/it)
  iter 1030  L= 256 bs=16  loss 0.8107  (0.21s/it)
  iter 1040  L= 768 bs=5  loss 1.0168  (0.21s/it)
  iter 1050  L=1024 bs=4  loss 0.2134  (0.21s/it)
  iter 1060  L= 512 bs=8  loss 0.4688  (0.21s/it)
  iter 1070  L=1024 bs=4  loss 0.8308  (0.21s/it)
  iter 1080  L= 768 bs=5  loss 0.8410  (0.21s/it)
  iter 1090  L= 512 bs=8  loss 0.4140  (0.21s/it)
  iter 1100  L= 512 bs=8  loss 0.8257  (0.21s/it)
  iter 1110  L=1024 bs=4  loss 1.2907  (0.21s/it)
  iter 1120  L= 256 bs=16  loss 1.0617  (0.21s/it)
  iter 1130  L= 768 bs=5  loss 0.8449  (0.21s/it)
  iter 1140  L= 768 bs=5  loss 1.0905  (0.21s/it)
  iter 1150  L= 768 bs=5  loss 1.1439  (0.21s/it)
  iter 1160  L=1024 bs=4  loss 0.6686  (0.21s/it)
  iter 1170  L=1024 bs=4  loss 0.0018  (0.21s/it)
  iter 1180  L= 512 bs=8  loss 0.7810  (0.21s/it)
  iter 1190  L= 256 bs=16  loss 0.2111  (0.21s/it)
  iter 1200  L= 512 bs=8  loss 0.3111  (0.21s/it)
  iter 1210  L= 768 bs=5  loss 0.7541  (0.21s/it)
  iter 1220  L= 256 bs=16  loss 0.5028  (0.21s/it)
  iter 1230  L= 256 bs=16  loss 0.2069  (0.21s/it)
  iter 1240  L= 512 bs=8  loss 0.9354  (0.21s/it)
  iter 1250  L= 256 bs=16  loss 0.2450  (0.21s/it)
  iter 1260  L= 512 bs=8  loss 0.7014  (0.21s/it)
  iter 1270  L= 256 bs=16  loss 0.6772  (0.21s/it)
  iter 1280  L= 256 bs=16  loss 1.2595  (0.21s/it)
  iter 1290  L= 512 bs=8  loss 1.2817  (0.21s/it)
  iter 1300  L= 512 bs=8  loss 1.0841  (0.21s/it)
  iter 1310  L= 256 bs=16  loss 0.3485  (0.21s/it)
  iter 1320  L=1024 bs=4  loss 1.7764  (0.21s/it)
  iter 1330  L= 512 bs=8  loss 0.4948  (0.21s/it)
  iter 1340  L= 256 bs=16  loss 0.6580  (0.21s/it)
  iter 1350  L= 512 bs=8  loss 0.7049  (0.21s/it)
  iter 1360  L= 256 bs=16  loss 1.0009  (0.21s/it)
  iter 1370  L=1024 bs=4  loss 0.3808  (0.21s/it)
  iter 1380  L= 512 bs=8  loss 0.3771  (0.21s/it)
  iter 1390  L=1024 bs=4  loss 0.0760  (0.21s/it)
  iter 1400  L=1024 bs=4  loss 0.1447  (0.21s/it)
  iter 1410  L=1024 bs=4  loss 0.6733  (0.21s/it)
  iter 1420  L= 256 bs=16  loss 0.9549  (0.21s/it)
  iter 1430  L=1024 bs=4  loss 0.0003  (0.21s/it)
  iter 1440  L=1024 bs=4  loss 0.0948  (0.21s/it)
  iter 1450  L= 512 bs=8  loss 0.9825  (0.21s/it)
  iter 1460  L= 256 bs=16  loss 0.4012  (0.21s/it)
  iter 1470  L=1024 bs=4  loss 0.3232  (0.21s/it)
  iter 1480  L= 512 bs=8  loss 0.4135  (0.21s/it)
  iter 1490  L=1024 bs=4  loss 1.0278  (0.21s/it)
  iter 1500  L= 512 bs=8  loss 0.4979  (0.21s/it)
  iter 1510  L= 512 bs=8  loss 0.4199  (0.21s/it)
  iter 1520  L=1024 bs=4  loss 1.1636  (0.21s/it)
  iter 1530  L= 256 bs=16  loss 0.1263  (0.21s/it)
  iter 1540  L=1024 bs=4  loss 0.1351  (0.21s/it)
  iter 1550  L=1024 bs=4  loss 0.1857  (0.21s/it)
  iter 1560  L= 256 bs=16  loss 1.3392  (0.21s/it)
  iter 1570  L= 768 bs=5  loss 0.5574  (0.21s/it)
  iter 1580  L=1024 bs=4  loss 0.8231  (0.21s/it)
  iter 1590  L= 256 bs=16  loss 0.3327  (0.21s/it)
  iter 1600  L= 768 bs=5  loss 0.0599  (0.21s/it)
  iter 1610  L= 512 bs=8  loss 1.3582  (0.21s/it)
  iter 1620  L=1024 bs=4  loss 0.8941  (0.21s/it)
  iter 1630  L=1024 bs=4  loss 0.4910  (0.21s/it)
  iter 1640  L= 512 bs=8  loss 0.5031  (0.21s/it)
  iter 1650  L= 512 bs=8  loss 0.4194  (0.21s/it)
  iter 1660  L=1024 bs=4  loss 1.3031  (0.21s/it)
  iter 1670  L= 768 bs=5  loss 0.6580  (0.21s/it)
  iter 1680  L= 256 bs=16  loss 0.2963  (0.21s/it)
  iter 1690  L=1024 bs=4  loss 1.4602  (0.21s/it)
  iter 1700  L= 256 bs=16  loss 0.4771  (0.21s/it)
  iter 1710  L= 256 bs=16  loss 0.6804  (0.21s/it)
  iter 1720  L= 256 bs=16  loss 0.8018  (0.21s/it)
  iter 1730  L=1024 bs=4  loss 0.7976  (0.21s/it)
  iter 1740  L= 512 bs=8  loss 0.0780  (0.21s/it)
  iter 1750  L= 768 bs=5  loss 0.8554  (0.21s/it)
  iter 1760  L= 512 bs=8  loss 0.3534  (0.21s/it)
  iter 1770  L= 512 bs=8  loss 0.8631  (0.21s/it)
  iter 1780  L=1024 bs=4  loss 1.2356  (0.21s/it)
  iter 1790  L= 512 bs=8  loss 1.3456  (0.21s/it)
  iter 1800  L= 512 bs=8  loss 1.3214  (0.21s/it)
  iter 1810  L=1024 bs=4  loss 0.0191  (0.21s/it)
  iter 1820  L= 512 bs=8  loss 1.2510  (0.21s/it)
  iter 1830  L= 768 bs=5  loss 1.4398  (0.21s/it)
  iter 1840  L=1024 bs=4  loss 0.2615  (0.21s/it)
  iter 1850  L= 256 bs=16  loss 0.3521  (0.21s/it)
  iter 1860  L= 768 bs=5  loss 0.2494  (0.21s/it)
  iter 1870  L= 256 bs=16  loss 0.2921  (0.21s/it)
  iter 1880  L=1024 bs=4  loss 0.0086  (0.21s/it)
  iter 1890  L= 512 bs=8  loss 0.4342  (0.21s/it)
  iter 1900  L= 256 bs=16  loss 0.6217  (0.21s/it)
  iter 1910  L= 768 bs=5  loss 0.0330  (0.21s/it)
  iter 1920  L= 768 bs=5  loss 1.2249  (0.21s/it)
  iter 1930  L=1024 bs=4  loss 0.6860  (0.21s/it)
  iter 1940  L=1024 bs=4  loss 1.1209  (0.21s/it)
  iter 1950  L=1024 bs=4  loss 0.2518  (0.21s/it)
  iter 1960  L=1024 bs=4  loss 0.0046  (0.21s/it)
  iter 1970  L= 256 bs=16  loss 0.7659  (0.21s/it)
  iter 1980  L=1024 bs=4  loss 0.0017  (0.21s/it)
  iter 1990  L= 512 bs=8  loss 0.5541  (0.21s/it)
  iter 2000  L= 256 bs=16  loss 0.3833  (0.21s/it)
  iter 2010  L= 256 bs=16  loss 0.5597  (0.21s/it)
  iter 2020  L=1024 bs=4  loss 0.4010  (0.21s/it)
  iter 2030  L=1024 bs=4  loss 0.8166  (0.21s/it)
  iter 2040  L= 512 bs=8  loss 0.2871  (0.21s/it)
  iter 2050  L= 512 bs=8  loss 0.4714  (0.21s/it)
  iter 2060  L= 512 bs=8  loss 0.5004  (0.21s/it)
  iter 2070  L= 512 bs=8  loss 0.0026  (0.21s/it)
  iter 2080  L= 512 bs=8  loss 0.2407  (0.21s/it)
  iter 2090  L=1024 bs=4  loss 1.1027  (0.21s/it)
  iter 2100  L=1024 bs=4  loss 1.1647  (0.21s/it)
  iter 2110  L= 256 bs=16  loss 0.6188  (0.21s/it)
  iter 2120  L= 256 bs=16  loss 0.3470  (0.21s/it)
  iter 2130  L=1024 bs=4  loss 0.5671  (0.21s/it)
  iter 2140  L= 768 bs=5  loss 1.0574  (0.21s/it)
  iter 2150  L= 512 bs=8  loss 0.3813  (0.21s/it)
  iter 2160  L= 512 bs=8  loss 0.2564  (0.21s/it)
  iter 2170  L= 768 bs=5  loss 0.4906  (0.21s/it)
  iter 2180  L= 512 bs=8  loss 0.8431  (0.21s/it)
  iter 2190  L=1024 bs=4  loss 0.0055  (0.21s/it)
  iter 2200  L= 512 bs=8  loss 0.5191  (0.21s/it)
  iter 2210  L= 256 bs=16  loss 0.2163  (0.21s/it)
  iter 2220  L= 256 bs=16  loss 0.6316  (0.21s/it)
  iter 2230  L= 512 bs=8  loss 0.0112  (0.21s/it)
  iter 2240  L= 512 bs=8  loss 0.3415  (0.21s/it)
  iter 2250  L=1024 bs=4  loss 0.0439  (0.21s/it)
  iter 2260  L= 512 bs=8  loss 0.2832  (0.21s/it)
  iter 2270  L= 256 bs=16  loss 0.0760  (0.21s/it)
  iter 2280  L= 512 bs=8  loss 0.0906  (0.21s/it)
  iter 2290  L=1024 bs=4  loss 0.2738  (0.21s/it)
  iter 2300  L= 512 bs=8  loss 0.0317  (0.21s/it)
  iter 2310  L= 256 bs=16  loss 0.3150  (0.21s/it)
  iter 2320  L=1024 bs=4  loss 0.0505  (0.21s/it)
  iter 2330  L= 512 bs=8  loss 0.4235  (0.21s/it)
  iter 2340  L=1024 bs=4  loss 0.6809  (0.21s/it)
  iter 2350  L=1024 bs=4  loss 0.7585  (0.21s/it)
  iter 2360  L= 256 bs=16  loss 0.3603  (0.21s/it)
  iter 2370  L=1024 bs=4  loss 0.0015  (0.21s/it)
  iter 2380  L= 256 bs=16  loss 0.4585  (0.21s/it)
  iter 2390  L= 512 bs=8  loss 1.1019  (0.21s/it)
  iter 2400  L= 512 bs=8  loss 0.4818  (0.21s/it)
  iter 2410  L= 256 bs=16  loss 0.1202  (0.21s/it)
  iter 2420  L= 512 bs=8  loss 0.2918  (0.21s/it)
  iter 2430  L= 768 bs=5  loss 0.6917  (0.21s/it)
  iter 2440  L= 768 bs=5  loss 1.4040  (0.21s/it)
  iter 2450  L=1024 bs=4  loss 0.7130  (0.21s/it)
  iter 2460  L= 256 bs=16  loss 0.2931  (0.21s/it)
  iter 2470  L= 512 bs=8  loss 0.4178  (0.21s/it)
  iter 2480  L= 256 bs=16  loss 0.4438  (0.21s/it)
  iter 2490  L= 256 bs=16  loss 0.4868  (0.21s/it)
  iter 2500  L= 512 bs=8  loss 0.0317  (0.21s/it)
  iter 2510  L= 768 bs=5  loss 0.7761  (0.21s/it)
  iter 2520  L=1024 bs=4  loss 0.0090  (0.21s/it)
  iter 2530  L= 768 bs=5  loss 0.6544  (0.21s/it)
  iter 2540  L= 768 bs=5  loss 0.0810  (0.21s/it)
  iter 2550  L= 512 bs=8  loss 0.6080  (0.21s/it)
  iter 2560  L= 768 bs=5  loss 0.7311  (0.21s/it)
  iter 2570  L=1024 bs=4  loss 0.2137  (0.21s/it)
  iter 2580  L= 512 bs=8  loss 0.3729  (0.21s/it)
  iter 2590  L=1024 bs=4  loss 0.1011  (0.21s/it)
  iter 2600  L= 256 bs=16  loss 0.4946  (0.21s/it)
  iter 2610  L=1024 bs=4  loss 0.3943  (0.21s/it)
  iter 2620  L= 256 bs=16  loss 0.5226  (0.21s/it)
  iter 2630  L= 256 bs=16  loss 0.3248  (0.21s/it)
  iter 2640  L= 512 bs=8  loss 0.0447  (0.21s/it)
  iter 2650  L= 256 bs=16  loss 0.3975  (0.21s/it)
  iter 2660  L= 512 bs=8  loss 0.0676  (0.21s/it)
  iter 2670  L= 256 bs=16  loss 0.1954  (0.21s/it)
  iter 2680  L= 768 bs=5  loss 0.0026  (0.21s/it)
  iter 2690  L= 512 bs=8  loss 1.0519  (0.21s/it)
  iter 2700  L= 768 bs=5  loss 0.0259  (0.21s/it)
  iter 2710  L= 256 bs=16  loss 0.2676  (0.21s/it)
  iter 2720  L= 256 bs=16  loss 0.8264  (0.21s/it)
  iter 2730  L= 768 bs=5  loss 0.8769  (0.21s/it)
  iter 2740  L= 256 bs=16  loss 0.3805  (0.21s/it)
  iter 2750  L= 512 bs=8  loss 0.5874  (0.21s/it)
  iter 2760  L= 512 bs=8  loss 0.7289  (0.21s/it)
  iter 2770  L=1024 bs=4  loss 1.1976  (0.21s/it)
  iter 2780  L=1024 bs=4  loss 1.0929  (0.21s/it)
  iter 2790  L= 512 bs=8  loss 0.7462  (0.21s/it)
  iter 2800  L=1024 bs=4  loss 0.5452  (0.21s/it)
  iter 2810  L= 256 bs=16  loss 0.2324  (0.21s/it)
  iter 2820  L= 256 bs=16  loss 0.5355  (0.21s/it)
  iter 2830  L= 256 bs=16  loss 0.2595  (0.21s/it)
  iter 2840  L= 768 bs=5  loss 0.2864  (0.21s/it)
  iter 2850  L= 256 bs=16  loss 0.4921  (0.21s/it)
  iter 2860  L= 512 bs=8  loss 0.8346  (0.21s/it)
  iter 2870  L= 256 bs=16  loss 0.2822  (0.21s/it)
  iter 2880  L= 256 bs=16  loss 0.2244  (0.21s/it)
  iter 2890  L= 768 bs=5  loss 0.2371  (0.21s/it)
  iter 2900  L= 768 bs=5  loss 0.8652  (0.21s/it)
  iter 2910  L=1024 bs=4  loss 0.0025  (0.21s/it)
  iter 2920  L= 768 bs=5  loss 0.7711  (0.21s/it)
  iter 2930  L=1024 bs=4  loss 0.1709  (0.21s/it)
  iter 2940  L=1024 bs=4  loss 0.4383  (0.21s/it)
  iter 2950  L= 256 bs=16  loss 0.4316  (0.21s/it)
  iter 2960  L= 768 bs=5  loss 0.3409  (0.21s/it)
  iter 2970  L= 768 bs=5  loss 0.5141  (0.21s/it)
  iter 2980  L=1024 bs=4  loss 0.0009  (0.21s/it)
  iter 2990  L= 256 bs=16  loss 0.0221  (0.21s/it)
  iter 3000  L=1024 bs=4  loss 0.0748  (0.21s/it)
  iter 3010  L=1024 bs=4  loss 0.0000  (0.21s/it)
  iter 3020  L= 768 bs=5  loss 1.0695  (0.21s/it)
  iter 3030  L= 768 bs=5  loss 0.4716  (0.21s/it)
  iter 3040  L= 768 bs=5  loss 0.0191  (0.21s/it)
  iter 3050  L=1024 bs=4  loss 0.0157  (0.21s/it)
  iter 3060  L= 768 bs=5  loss 0.2502  (0.21s/it)
  iter 3070  L=1024 bs=4  loss 0.1167  (0.21s/it)
  iter 3080  L= 512 bs=8  loss 0.3808  (0.21s/it)
  iter 3090  L= 256 bs=16  loss 0.4384  (0.21s/it)
  iter 3100  L=1024 bs=4  loss 0.6687  (0.21s/it)
  iter 3110  L=1024 bs=4  loss 0.1358  (0.21s/it)
  iter 3120  L= 512 bs=8  loss 0.1494  (0.21s/it)
  iter 3130  L= 768 bs=5  loss 0.1666  (0.21s/it)
  iter 3140  L= 512 bs=8  loss 0.5872  (0.21s/it)
  iter 3150  L= 768 bs=5  loss 1.3265  (0.21s/it)
  iter 3160  L= 512 bs=8  loss 0.1199  (0.21s/it)
  iter 3170  L= 512 bs=8  loss 0.5012  (0.21s/it)
  iter 3180  L= 768 bs=5  loss 0.5545  (0.21s/it)
  iter 3190  L= 256 bs=16  loss 0.6182  (0.21s/it)
  iter 3200  L= 256 bs=16  loss 0.2522  (0.21s/it)
  iter 3210  L= 768 bs=5  loss 0.2278  (0.21s/it)
  iter 3220  L= 768 bs=5  loss 0.1455  (0.21s/it)
  iter 3230  L=1024 bs=4  loss 0.0062  (0.21s/it)
  iter 3240  L= 256 bs=16  loss 0.1552  (0.21s/it)
  iter 3250  L= 768 bs=5  loss 0.0261  (0.21s/it)
  iter 3260  L= 512 bs=8  loss 0.2161  (0.21s/it)
  iter 3270  L= 512 bs=8  loss 0.2985  (0.21s/it)
  iter 3280  L= 768 bs=5  loss 0.7295  (0.21s/it)
  iter 3290  L= 768 bs=5  loss 0.0582  (0.21s/it)
  iter 3300  L=1024 bs=4  loss 0.1881  (0.21s/it)
  iter 3310  L= 256 bs=16  loss 0.1523  (0.21s/it)
  iter 3320  L= 512 bs=8  loss 0.2441  (0.21s/it)
  iter 3330  L= 512 bs=8  loss 0.2414  (0.21s/it)
  iter 3340  L= 768 bs=5  loss 0.0006  (0.21s/it)
  iter 3350  L=1024 bs=4  loss 1.1426  (0.21s/it)
  iter 3360  L=1024 bs=4  loss 0.1944  (0.21s/it)
  iter 3370  L= 256 bs=16  loss 0.2233  (0.21s/it)
  iter 3380  L= 768 bs=5  loss 1.4500  (0.21s/it)
  iter 3390  L=1024 bs=4  loss 0.1389  (0.21s/it)
  iter 3400  L= 768 bs=5  loss 1.3764  (0.21s/it)
  iter 3410  L= 768 bs=5  loss 0.0040  (0.21s/it)
  iter 3420  L= 256 bs=16  loss 0.4979  (0.21s/it)
  iter 3430  L= 512 bs=8  loss 0.1388  (0.21s/it)
  iter 3440  L= 768 bs=5  loss 0.7949  (0.21s/it)
  iter 3450  L= 512 bs=8  loss 0.2771  (0.21s/it)
  iter 3460  L= 256 bs=16  loss 0.0788  (0.21s/it)
  iter 3470  L= 768 bs=5  loss 0.2466  (0.21s/it)
  iter 3480  L= 768 bs=5  loss 0.3923  (0.21s/it)
  iter 3490  L= 768 bs=5  loss 0.6457  (0.21s/it)
  iter 3500  L= 512 bs=8  loss 0.0350  (0.21s/it)
  iter 3510  L=1024 bs=4  loss 0.0865  (0.21s/it)
  iter 3520  L= 512 bs=8  loss 0.2822  (0.21s/it)
  iter 3530  L= 512 bs=8  loss 0.1324  (0.21s/it)
  iter 3540  L= 768 bs=5  loss 0.3563  (0.21s/it)
  iter 3550  L= 256 bs=16  loss 0.1273  (0.21s/it)
  iter 3560  L= 512 bs=8  loss 0.7912  (0.21s/it)
  iter 3570  L=1024 bs=4  loss 0.0667  (0.21s/it)
  iter 3580  L=1024 bs=4  loss 0.0113  (0.21s/it)
  iter 3590  L= 768 bs=5  loss 0.1685  (0.21s/it)
  iter 3600  L= 512 bs=8  loss 0.2782  (0.21s/it)
  iter 3610  L=1024 bs=4  loss 0.9080  (0.21s/it)
  iter 3620  L= 768 bs=5  loss 0.0004  (0.21s/it)
  iter 3630  L= 256 bs=16  loss 0.1637  (0.21s/it)
  iter 3640  L= 512 bs=8  loss 0.3807  (0.21s/it)
  iter 3650  L= 768 bs=5  loss 0.6969  (0.21s/it)
  iter 3660  L= 256 bs=16  loss 0.1456  (0.21s/it)
  iter 3670  L=1024 bs=4  loss 0.2171  (0.21s/it)
  iter 3680  L= 768 bs=5  loss 0.6452  (0.21s/it)
  iter 3690  L=1024 bs=4  loss 0.0001  (0.21s/it)
  iter 3700  L=1024 bs=4  loss 0.4425  (0.21s/it)
  iter 3710  L=1024 bs=4  loss 0.6700  (0.21s/it)
  iter 3720  L=1024 bs=4  loss 0.0403  (0.21s/it)
  iter 3730  L= 512 bs=8  loss 0.3309  (0.21s/it)
  iter 3740  L= 256 bs=16  loss 0.4028  (0.21s/it)
  iter 3750  L= 512 bs=8  loss 0.0059  (0.21s/it)
  iter 3760  L= 512 bs=8  loss 0.4531  (0.21s/it)
  iter 3770  L= 256 bs=16  loss 0.0103  (0.21s/it)
  iter 3780  L=1024 bs=4  loss 0.0021  (0.21s/it)
  iter 3790  L= 768 bs=5  loss 0.5497  (0.21s/it)
  iter 3800  L= 256 bs=16  loss 0.2444  (0.21s/it)
  iter 3810  L= 768 bs=5  loss 0.0429  (0.21s/it)
  iter 3820  L=1024 bs=4  loss 0.0000  (0.21s/it)
  iter 3830  L=1024 bs=4  loss 0.0255  (0.21s/it)
  iter 3840  L= 256 bs=16  loss 0.0554  (0.21s/it)
  iter 3850  L= 256 bs=16  loss 0.4716  (0.21s/it)
  iter 3860  L=1024 bs=4  loss 0.1729  (0.21s/it)
  iter 3870  L= 768 bs=5  loss 0.1207  (0.21s/it)
  iter 3880  L= 768 bs=5  loss 0.0071  (0.21s/it)
  iter 3890  L= 768 bs=5  loss 0.2042  (0.21s/it)
  iter 3900  L= 512 bs=8  loss 0.0181  (0.21s/it)
  iter 3910  L= 256 bs=16  loss 0.5023  (0.21s/it)
  iter 3920  L=1024 bs=4  loss 1.1080  (0.21s/it)
  iter 3930  L=1024 bs=4  loss 0.0024  (0.21s/it)
  iter 3940  L= 768 bs=5  loss 0.8963  (0.21s/it)
  iter 3950  L= 512 bs=8  loss 0.0025  (0.21s/it)
  iter 3960  L= 256 bs=16  loss 0.4142  (0.21s/it)
  iter 3970  L= 768 bs=5  loss 0.0030  (0.21s/it)
  iter 3980  L=1024 bs=4  loss 0.9204  (0.21s/it)
  iter 3990  L= 512 bs=8  loss 0.4250  (0.21s/it)
  iter 4000  L= 512 bs=8  loss 0.2050  (0.21s/it)
  iter 4010  L=1024 bs=4  loss 0.1029  (0.21s/it)
  iter 4020  L= 768 bs=5  loss 0.0047  (0.21s/it)
  iter 4030  L= 768 bs=5  loss 0.5146  (0.21s/it)
  iter 4040  L=1024 bs=4  loss 0.2373  (0.21s/it)
  iter 4050  L= 768 bs=5  loss 0.7331  (0.21s/it)
  iter 4060  L= 256 bs=16  loss 0.4138  (0.21s/it)
  iter 4070  L= 256 bs=16  loss 0.1844  (0.21s/it)
  iter 4080  L= 256 bs=16  loss 0.0526  (0.21s/it)
  iter 4090  L= 512 bs=8  loss 0.1456  (0.21s/it)
  iter 4100  L=1024 bs=4  loss 0.0330  (0.21s/it)
  iter 4110  L=1024 bs=4  loss 0.0023  (0.21s/it)
  iter 4120  L= 512 bs=8  loss 0.0054  (0.21s/it)
  iter 4130  L= 768 bs=5  loss 0.5404  (0.21s/it)
  iter 4140  L= 768 bs=5  loss 0.0132  (0.21s/it)
  iter 4150  L= 768 bs=5  loss 0.0184  (0.21s/it)
  iter 4160  L= 768 bs=5  loss 0.0217  (0.21s/it)
  iter 4170  L= 512 bs=8  loss 0.1905  (0.21s/it)
  iter 4180  L=1024 bs=4  loss 0.2906  (0.21s/it)
  iter 4190  L= 256 bs=16  loss 0.2169  (0.21s/it)
  iter 4200  L=1024 bs=4  loss 0.0720  (0.21s/it)
  iter 4210  L= 256 bs=16  loss 0.0261  (0.21s/it)
  iter 4220  L=1024 bs=4  loss 0.0008  (0.21s/it)
  iter 4230  L= 512 bs=8  loss 0.2886  (0.21s/it)
  iter 4240  L= 768 bs=5  loss 0.9665  (0.21s/it)
  iter 4250  L= 256 bs=16  loss 0.4323  (0.21s/it)
  iter 4260  L=1024 bs=4  loss 0.2493  (0.21s/it)
  iter 4270  L= 512 bs=8  loss 0.5334  (0.21s/it)
  iter 4280  L=1024 bs=4  loss 0.0659  (0.21s/it)
  iter 4290  L=1024 bs=4  loss 0.1241  (0.21s/it)
  iter 4300  L= 256 bs=16  loss 0.0547  (0.21s/it)
  iter 4310  L= 512 bs=8  loss 0.0823  (0.21s/it)
  iter 4320  L= 256 bs=16  loss 0.1855  (0.21s/it)
  iter 4330  L= 512 bs=8  loss 0.0102  (0.21s/it)
  iter 4340  L= 256 bs=16  loss 0.1680  (0.21s/it)
  iter 4350  L=1024 bs=4  loss 0.5670  (0.21s/it)
  iter 4360  L= 256 bs=16  loss 0.2515  (0.21s/it)
  iter 4370  L= 512 bs=8  loss 0.4508  (0.21s/it)
  iter 4380  L= 256 bs=16  loss 0.0971  (0.21s/it)
  iter 4390  L= 768 bs=5  loss 0.2691  (0.21s/it)
  iter 4400  L= 512 bs=8  loss 0.0499  (0.21s/it)
  iter 4410  L= 768 bs=5  loss 0.2035  (0.21s/it)
  iter 4420  L= 256 bs=16  loss 0.2158  (0.21s/it)
  iter 4430  L= 256 bs=16  loss 0.3021  (0.21s/it)
  iter 4440  L= 512 bs=8  loss 0.2464  (0.21s/it)
  iter 4450  L= 512 bs=8  loss 0.0338  (0.21s/it)
  iter 4460  L= 512 bs=8  loss 0.2354  (0.21s/it)
  iter 4470  L= 256 bs=16  loss 0.1502  (0.21s/it)
  iter 4480  L= 256 bs=16  loss 0.1229  (0.21s/it)
  iter 4490  L= 512 bs=8  loss 0.0103  (0.21s/it)
  iter 4500  L= 256 bs=16  loss 0.1844  (0.21s/it)
  iter 4510  L= 512 bs=8  loss 0.3299  (0.21s/it)
  iter 4520  L=1024 bs=4  loss 0.4608  (0.21s/it)
  iter 4530  L= 768 bs=5  loss 0.7104  (0.21s/it)
  iter 4540  L= 256 bs=16  loss 0.1696  (0.21s/it)
  iter 4550  L= 768 bs=5  loss 0.0034  (0.21s/it)
  iter 4560  L= 256 bs=16  loss 0.0439  (0.21s/it)
  iter 4570  L= 256 bs=16  loss 0.4140  (0.21s/it)
  iter 4580  L= 512 bs=8  loss 0.3046  (0.21s/it)
  iter 4590  L=1024 bs=4  loss 0.0698  (0.21s/it)
  iter 4600  L=1024 bs=4  loss 0.0001  (0.21s/it)
  iter 4610  L= 768 bs=5  loss 1.0303  (0.21s/it)
  iter 4620  L= 256 bs=16  loss 0.2031  (0.21s/it)
  iter 4630  L= 512 bs=8  loss 0.1979  (0.21s/it)
  iter 4640  L=1024 bs=4  loss 0.0026  (0.21s/it)
  iter 4650  L= 256 bs=16  loss 0.3572  (0.21s/it)
  iter 4660  L= 512 bs=8  loss 0.3379  (0.21s/it)
  iter 4670  L=1024 bs=4  loss 0.1429  (0.21s/it)
  iter 4680  L=1024 bs=4  loss 0.0778  (0.21s/it)
  iter 4690  L= 768 bs=5  loss 0.3971  (0.21s/it)
  iter 4700  L=1024 bs=4  loss 0.0005  (0.21s/it)
  iter 4710  L= 256 bs=16  loss 0.4362  (0.21s/it)
  iter 4720  L=1024 bs=4  loss 0.0016  (0.21s/it)
  iter 4730  L= 768 bs=5  loss 0.0087  (0.21s/it)
  iter 4740  L= 768 bs=5  loss 0.5276  (0.21s/it)
  iter 4750  L= 768 bs=5  loss 1.7614  (0.21s/it)
  iter 4760  L= 512 bs=8  loss 0.5982  (0.21s/it)
  iter 4770  L= 256 bs=16  loss 0.3110  (0.21s/it)
  iter 4780  L=1024 bs=4  loss 0.0105  (0.21s/it)
  iter 4790  L= 512 bs=8  loss 0.0195  (0.21s/it)
  iter 4800  L= 256 bs=16  loss 0.0815  (0.21s/it)
  iter 4810  L= 512 bs=8  loss 0.2654  (0.21s/it)
  iter 4820  L= 768 bs=5  loss 0.2793  (0.21s/it)
  iter 4830  L=1024 bs=4  loss 1.1454  (0.21s/it)
  iter 4840  L=1024 bs=4  loss 0.6548  (0.21s/it)
  iter 4850  L= 768 bs=5  loss 0.2298  (0.21s/it)
  iter 4860  L= 512 bs=8  loss 0.1724  (0.21s/it)
  iter 4870  L= 256 bs=16  loss 0.4107  (0.21s/it)
  iter 4880  L= 512 bs=8  loss 0.0450  (0.21s/it)
  iter 4890  L= 768 bs=5  loss 0.6040  (0.21s/it)
  iter 4900  L= 256 bs=16  loss 0.6084  (0.21s/it)
  iter 4910  L=1024 bs=4  loss 0.1067  (0.21s/it)
  iter 4920  L= 256 bs=16  loss 0.1398  (0.21s/it)
  iter 4930  L= 256 bs=16  loss 0.0220  (0.21s/it)
  iter 4940  L=1024 bs=4  loss 0.0109  (0.21s/it)
  iter 4950  L= 768 bs=5  loss 0.5056  (0.21s/it)
  iter 4960  L= 256 bs=16  loss 0.1362  (0.21s/it)
  iter 4970  L= 768 bs=5  loss 0.5096  (0.21s/it)
  iter 4980  L= 256 bs=16  loss 0.4385  (0.21s/it)
  iter 4990  L= 256 bs=16  loss 1.0684  (0.21s/it)
  iter 5000  L= 256 bs=16  loss 0.2906  (0.21s/it)
Passkey accuracy after fine-tuning (cross_shift_c=0.0):
  ctx=   512  exact=0.96  first_token=1.00
  ctx=  1024  exact=0.96  first_token=1.00
  ctx=  2048  exact=0.95  first_token=0.98
  ctx=  4096  exact=0.90  first_token=0.98
  ctx=  8192  exact=0.72  first_token=0.88
  ctx= 16384  exact=0.30  first_token=0.46
Passkey accuracy after fine-tuning (cross_shift_c=1.0):
  ctx=   512  exact=0.96  first_token=1.00
  ctx=  1024  exact=0.96  first_token=1.00
  ctx=  2048  exact=0.95  first_token=0.98
  ctx=  4096  exact=0.93  first_token=0.99
  ctx=  8192  exact=0.89  first_token=0.95
  ctx= 16384  exact=0.87  first_token=0.91
########## Jm s1
number of parameters: 63.65M
Model type: Jm | params 63,648,768 | delimiter 764 | device cuda
Fine-tuning for 5000 iters on lengths [256, 512, 768, 1024]:
  iter    1  L=1024 bs=4  loss 5.7967  (0.66s/it)
  iter   10  L= 256 bs=16  loss 1.1171  (0.26s/it)
  iter   20  L= 512 bs=8  loss 1.4653  (0.24s/it)
  iter   30  L=1024 bs=4  loss 2.0006  (0.24s/it)
  iter   40  L= 256 bs=16  loss 2.0051  (0.23s/it)
  iter   50  L=1024 bs=4  loss 2.1075  (0.23s/it)
  iter   60  L=1024 bs=4  loss 0.2696  (0.23s/it)
  iter   70  L=1024 bs=4  loss 1.3720  (0.23s/it)
  iter   80  L= 256 bs=16  loss 1.7528  (0.23s/it)
  iter   90  L=1024 bs=4  loss 0.5658  (0.23s/it)
  iter  100  L= 256 bs=16  loss 0.8093  (0.23s/it)
  iter  110  L= 768 bs=5  loss 1.9566  (0.23s/it)
  iter  120  L= 256 bs=16  loss 1.2997  (0.22s/it)
  iter  130  L= 256 bs=16  loss 1.0306  (0.22s/it)
  iter  140  L= 512 bs=8  loss 0.7056  (0.22s/it)
  iter  150  L= 512 bs=8  loss 1.2313  (0.22s/it)
  iter  160  L=1024 bs=4  loss 1.3964  (0.22s/it)
  iter  170  L= 768 bs=5  loss 3.8307  (0.22s/it)
  iter  180  L= 512 bs=8  loss 0.9860  (0.22s/it)
  iter  190  L= 512 bs=8  loss 1.1368  (0.22s/it)
  iter  200  L= 256 bs=16  loss 0.8794  (0.22s/it)
  iter  210  L= 768 bs=5  loss 0.5604  (0.22s/it)
  iter  220  L= 256 bs=16  loss 1.5264  (0.22s/it)
  iter  230  L= 768 bs=5  loss 1.3331  (0.22s/it)
  iter  240  L= 512 bs=8  loss 1.2373  (0.22s/it)
  iter  250  L= 768 bs=5  loss 1.4503  (0.22s/it)
  iter  260  L= 256 bs=16  loss 0.6321  (0.22s/it)
  iter  270  L= 768 bs=5  loss 0.7680  (0.22s/it)
  iter  280  L=1024 bs=4  loss 1.0929  (0.22s/it)
  iter  290  L= 256 bs=16  loss 1.6353  (0.22s/it)
  iter  300  L= 256 bs=16  loss 1.6962  (0.22s/it)
  iter  310  L= 512 bs=8  loss 0.4027  (0.22s/it)
  iter  320  L= 512 bs=8  loss 1.2217  (0.22s/it)
  iter  330  L=1024 bs=4  loss 0.9669  (0.22s/it)
  iter  340  L= 512 bs=8  loss 0.9978  (0.22s/it)
  iter  350  L= 512 bs=8  loss 0.3674  (0.22s/it)
  iter  360  L= 768 bs=5  loss 0.7899  (0.22s/it)
  iter  370  L= 512 bs=8  loss 1.3875  (0.22s/it)
  iter  380  L= 768 bs=5  loss 1.5016  (0.22s/it)
  iter  390  L= 768 bs=5  loss 0.4629  (0.22s/it)
  iter  400  L= 256 bs=16  loss 0.4871  (0.22s/it)
  iter  410  L= 256 bs=16  loss 0.4027  (0.22s/it)
  iter  420  L= 512 bs=8  loss 0.6067  (0.22s/it)
  iter  430  L=1024 bs=4  loss 1.5510  (0.22s/it)
  iter  440  L=1024 bs=4  loss 0.3923  (0.22s/it)
  iter  450  L= 512 bs=8  loss 1.8339  (0.22s/it)
  iter  460  L= 256 bs=16  loss 0.8508  (0.22s/it)
  iter  470  L= 768 bs=5  loss 0.5150  (0.22s/it)
  iter  480  L= 768 bs=5  loss 0.1187  (0.22s/it)
  iter  490  L= 512 bs=8  loss 1.0949  (0.22s/it)
  iter  500  L=1024 bs=4  loss 1.1146  (0.22s/it)
  iter  510  L= 256 bs=16  loss 1.1198  (0.22s/it)
  iter  520  L= 512 bs=8  loss 0.8679  (0.22s/it)
  iter  530  L= 512 bs=8  loss 0.2864  (0.22s/it)
  iter  540  L= 768 bs=5  loss 0.1442  (0.22s/it)
  iter  550  L= 256 bs=16  loss 1.0228  (0.22s/it)
  iter  560  L= 256 bs=16  loss 1.1465  (0.22s/it)
  iter  570  L=1024 bs=4  loss 0.5241  (0.22s/it)
  iter  580  L= 768 bs=5  loss 1.2006  (0.22s/it)
  iter  590  L=1024 bs=4  loss 1.6086  (0.22s/it)
  iter  600  L= 768 bs=5  loss 1.8651  (0.22s/it)
  iter  610  L= 512 bs=8  loss 1.5180  (0.22s/it)
  iter  620  L= 512 bs=8  loss 1.4266  (0.22s/it)
  iter  630  L=1024 bs=4  loss 2.0892  (0.22s/it)
  iter  640  L= 768 bs=5  loss 1.8685  (0.22s/it)
  iter  650  L= 512 bs=8  loss 0.2382  (0.22s/it)
  iter  660  L= 768 bs=5  loss 0.7582  (0.22s/it)
  iter  670  L= 256 bs=16  loss 0.6622  (0.22s/it)
  iter  680  L= 512 bs=8  loss 1.3970  (0.22s/it)
  iter  690  L= 256 bs=16  loss 0.7845  (0.22s/it)
  iter  700  L= 512 bs=8  loss 1.7256  (0.22s/it)
  iter  710  L=1024 bs=4  loss 1.2123  (0.22s/it)
  iter  720  L= 768 bs=5  loss 1.1369  (0.22s/it)
  iter  730  L= 256 bs=16  loss 0.5121  (0.22s/it)
  iter  740  L=1024 bs=4  loss 0.0970  (0.22s/it)
  iter  750  L= 512 bs=8  loss 0.3481  (0.22s/it)
  iter  760  L= 256 bs=16  loss 0.9423  (0.22s/it)
  iter  770  L= 512 bs=8  loss 1.5836  (0.22s/it)
  iter  780  L=1024 bs=4  loss 0.5781  (0.22s/it)
  iter  790  L= 768 bs=5  loss 2.6002  (0.22s/it)
  iter  800  L= 256 bs=16  loss 0.8861  (0.22s/it)
  iter  810  L= 512 bs=8  loss 1.3909  (0.22s/it)
  iter  820  L=1024 bs=4  loss 0.7100  (0.22s/it)
  iter  830  L=1024 bs=4  loss 0.0099  (0.22s/it)
  iter  840  L=1024 bs=4  loss 0.2309  (0.22s/it)
  iter  850  L= 768 bs=5  loss 0.7930  (0.22s/it)
  iter  860  L= 512 bs=8  loss 1.3245  (0.22s/it)
  iter  870  L=1024 bs=4  loss 0.9917  (0.22s/it)
  iter  880  L= 256 bs=16  loss 1.1305  (0.22s/it)
  iter  890  L= 256 bs=16  loss 1.0974  (0.22s/it)
  iter  900  L= 768 bs=5  loss 0.9150  (0.22s/it)
  iter  910  L= 256 bs=16  loss 0.5949  (0.22s/it)
  iter  920  L=1024 bs=4  loss 0.7905  (0.22s/it)
  iter  930  L= 512 bs=8  loss 1.7472  (0.22s/it)
  iter  940  L= 256 bs=16  loss 0.6698  (0.22s/it)
  iter  950  L= 256 bs=16  loss 0.9360  (0.22s/it)
  iter  960  L= 512 bs=8  loss 0.7204  (0.22s/it)
  iter  970  L= 768 bs=5  loss 0.4694  (0.22s/it)
  iter  980  L= 256 bs=16  loss 0.6930  (0.22s/it)
  iter  990  L= 512 bs=8  loss 1.1782  (0.22s/it)
  iter 1000  L= 512 bs=8  loss 0.3496  (0.22s/it)
  iter 1010  L=1024 bs=4  loss 1.0769  (0.22s/it)
  iter 1020  L= 512 bs=8  loss 0.9573  (0.22s/it)
  iter 1030  L= 256 bs=16  loss 0.8531  (0.22s/it)
  iter 1040  L= 768 bs=5  loss 1.1720  (0.22s/it)
  iter 1050  L=1024 bs=4  loss 0.2419  (0.22s/it)
  iter 1060  L= 512 bs=8  loss 0.5533  (0.22s/it)
  iter 1070  L=1024 bs=4  loss 1.0082  (0.22s/it)
  iter 1080  L= 768 bs=5  loss 0.8390  (0.22s/it)
  iter 1090  L= 512 bs=8  loss 0.5528  (0.22s/it)
  iter 1100  L= 512 bs=8  loss 0.8249  (0.22s/it)
  iter 1110  L=1024 bs=4  loss 1.3440  (0.22s/it)
  iter 1120  L= 256 bs=16  loss 1.1542  (0.22s/it)
  iter 1130  L= 768 bs=5  loss 1.2146  (0.22s/it)
  iter 1140  L= 768 bs=5  loss 1.0141  (0.22s/it)
  iter 1150  L= 768 bs=5  loss 1.2691  (0.22s/it)
  iter 1160  L=1024 bs=4  loss 0.7059  (0.22s/it)
  iter 1170  L=1024 bs=4  loss 0.0018  (0.22s/it)
  iter 1180  L= 512 bs=8  loss 0.8762  (0.22s/it)
  iter 1190  L= 256 bs=16  loss 0.3050  (0.22s/it)
  iter 1200  L= 512 bs=8  loss 0.4509  (0.22s/it)
  iter 1210  L= 768 bs=5  loss 0.6866  (0.22s/it)
  iter 1220  L= 256 bs=16  loss 0.5786  (0.22s/it)
  iter 1230  L= 256 bs=16  loss 0.2531  (0.22s/it)
  iter 1240  L= 512 bs=8  loss 1.3138  (0.22s/it)
  iter 1250  L= 256 bs=16  loss 0.3030  (0.22s/it)
  iter 1260  L= 512 bs=8  loss 0.6418  (0.22s/it)
  iter 1270  L= 256 bs=16  loss 0.8392  (0.22s/it)
  iter 1280  L= 256 bs=16  loss 1.4044  (0.22s/it)
  iter 1290  L= 512 bs=8  loss 1.3662  (0.22s/it)
  iter 1300  L= 512 bs=8  loss 1.3169  (0.22s/it)
  iter 1310  L= 256 bs=16  loss 0.4002  (0.22s/it)
  iter 1320  L=1024 bs=4  loss 1.7735  (0.22s/it)
  iter 1330  L= 512 bs=8  loss 0.5068  (0.22s/it)
  iter 1340  L= 256 bs=16  loss 0.7076  (0.22s/it)
  iter 1350  L= 512 bs=8  loss 0.9310  (0.22s/it)
  iter 1360  L= 256 bs=16  loss 0.9869  (0.22s/it)
  iter 1370  L=1024 bs=4  loss 0.5132  (0.22s/it)
  iter 1380  L= 512 bs=8  loss 0.2340  (0.22s/it)
  iter 1390  L=1024 bs=4  loss 0.0603  (0.22s/it)
  iter 1400  L=1024 bs=4  loss 0.1156  (0.22s/it)
  iter 1410  L=1024 bs=4  loss 0.3800  (0.22s/it)
  iter 1420  L= 256 bs=16  loss 0.9066  (0.22s/it)
  iter 1430  L=1024 bs=4  loss 0.0001  (0.22s/it)
  iter 1440  L=1024 bs=4  loss 0.1781  (0.22s/it)
  iter 1450  L= 512 bs=8  loss 1.0527  (0.22s/it)
  iter 1460  L= 256 bs=16  loss 0.4421  (0.22s/it)
  iter 1470  L=1024 bs=4  loss 0.4957  (0.22s/it)
  iter 1480  L= 512 bs=8  loss 0.4406  (0.22s/it)
  iter 1490  L=1024 bs=4  loss 1.2676  (0.22s/it)
  iter 1500  L= 512 bs=8  loss 0.7026  (0.22s/it)
  iter 1510  L= 512 bs=8  loss 0.4290  (0.22s/it)
  iter 1520  L=1024 bs=4  loss 1.3488  (0.22s/it)
  iter 1530  L= 256 bs=16  loss 0.2131  (0.22s/it)
  iter 1540  L=1024 bs=4  loss 0.4883  (0.22s/it)
  iter 1550  L=1024 bs=4  loss 0.3374  (0.22s/it)
  iter 1560  L= 256 bs=16  loss 1.4715  (0.22s/it)
  iter 1570  L= 768 bs=5  loss 0.5814  (0.22s/it)
  iter 1580  L=1024 bs=4  loss 1.0259  (0.22s/it)
  iter 1590  L= 256 bs=16  loss 0.3627  (0.22s/it)
  iter 1600  L= 768 bs=5  loss 0.1037  (0.22s/it)
  iter 1610  L= 512 bs=8  loss 1.4221  (0.22s/it)
  iter 1620  L=1024 bs=4  loss 1.0916  (0.22s/it)
  iter 1630  L=1024 bs=4  loss 0.6934  (0.22s/it)
  iter 1640  L= 512 bs=8  loss 0.4673  (0.22s/it)
  iter 1650  L= 512 bs=8  loss 0.5728  (0.22s/it)
  iter 1660  L=1024 bs=4  loss 1.4175  (0.22s/it)
  iter 1670  L= 768 bs=5  loss 0.6227  (0.22s/it)
  iter 1680  L= 256 bs=16  loss 0.4121  (0.22s/it)
  iter 1690  L=1024 bs=4  loss 1.5503  (0.22s/it)
  iter 1700  L= 256 bs=16  loss 0.6597  (0.22s/it)
  iter 1710  L= 256 bs=16  loss 0.7514  (0.22s/it)
  iter 1720  L= 256 bs=16  loss 0.7922  (0.22s/it)
  iter 1730  L=1024 bs=4  loss 0.9640  (0.22s/it)
  iter 1740  L= 512 bs=8  loss 0.1270  (0.22s/it)
  iter 1750  L= 768 bs=5  loss 1.0213  (0.22s/it)
  iter 1760  L= 512 bs=8  loss 0.3609  (0.22s/it)
  iter 1770  L= 512 bs=8  loss 1.0888  (0.22s/it)
  iter 1780  L=1024 bs=4  loss 1.3577  (0.22s/it)
  iter 1790  L= 512 bs=8  loss 1.4554  (0.22s/it)
  iter 1800  L= 512 bs=8  loss 1.4676  (0.22s/it)
  iter 1810  L=1024 bs=4  loss 0.0079  (0.22s/it)
  iter 1820  L= 512 bs=8  loss 1.2717  (0.22s/it)
  iter 1830  L= 768 bs=5  loss 1.4511  (0.22s/it)
  iter 1840  L=1024 bs=4  loss 0.3797  (0.22s/it)
  iter 1850  L= 256 bs=16  loss 0.4139  (0.22s/it)
  iter 1860  L= 768 bs=5  loss 0.2565  (0.22s/it)
  iter 1870  L= 256 bs=16  loss 0.2893  (0.22s/it)
  iter 1880  L=1024 bs=4  loss 0.0083  (0.22s/it)
  iter 1890  L= 512 bs=8  loss 0.4870  (0.22s/it)
  iter 1900  L= 256 bs=16  loss 0.6785  (0.22s/it)
  iter 1910  L= 768 bs=5  loss 0.0917  (0.22s/it)
  iter 1920  L= 768 bs=5  loss 1.4502  (0.22s/it)
  iter 1930  L=1024 bs=4  loss 0.7965  (0.22s/it)
  iter 1940  L=1024 bs=4  loss 1.1203  (0.22s/it)
  iter 1950  L=1024 bs=4  loss 0.4615  (0.22s/it)
  iter 1960  L=1024 bs=4  loss 0.0044  (0.22s/it)
  iter 1970  L= 256 bs=16  loss 0.8252  (0.22s/it)
  iter 1980  L=1024 bs=4  loss 0.0017  (0.22s/it)
  iter 1990  L= 512 bs=8  loss 0.7692  (0.22s/it)
  iter 2000  L= 256 bs=16  loss 0.4875  (0.22s/it)
  iter 2010  L= 256 bs=16  loss 0.7552  (0.22s/it)
  iter 2020  L=1024 bs=4  loss 0.5235  (0.22s/it)
  iter 2030  L=1024 bs=4  loss 0.9434  (0.22s/it)
  iter 2040  L= 512 bs=8  loss 0.3596  (0.22s/it)
  iter 2050  L= 512 bs=8  loss 0.5152  (0.22s/it)
  iter 2060  L= 512 bs=8  loss 0.6171  (0.22s/it)
  iter 2070  L= 512 bs=8  loss 0.0083  (0.22s/it)
  iter 2080  L= 512 bs=8  loss 0.2193  (0.22s/it)
  iter 2090  L=1024 bs=4  loss 0.9978  (0.22s/it)
  iter 2100  L=1024 bs=4  loss 1.0870  (0.22s/it)
  iter 2110  L= 256 bs=16  loss 0.6072  (0.22s/it)
  iter 2120  L= 256 bs=16  loss 0.4620  (0.22s/it)
  iter 2130  L=1024 bs=4  loss 0.5886  (0.22s/it)
  iter 2140  L= 768 bs=5  loss 1.3160  (0.22s/it)
  iter 2150  L= 512 bs=8  loss 0.4779  (0.22s/it)
  iter 2160  L= 512 bs=8  loss 0.3794  (0.22s/it)
  iter 2170  L= 768 bs=5  loss 0.4970  (0.22s/it)
  iter 2180  L= 512 bs=8  loss 0.9250  (0.22s/it)
  iter 2190  L=1024 bs=4  loss 0.0100  (0.22s/it)
  iter 2200  L= 512 bs=8  loss 0.6648  (0.22s/it)
  iter 2210  L= 256 bs=16  loss 0.3236  (0.22s/it)
  iter 2220  L= 256 bs=16  loss 0.7657  (0.22s/it)
  iter 2230  L= 512 bs=8  loss 0.0403  (0.22s/it)
  iter 2240  L= 512 bs=8  loss 0.3325  (0.22s/it)
  iter 2250  L=1024 bs=4  loss 0.0538  (0.22s/it)
  iter 2260  L= 512 bs=8  loss 0.4176  (0.22s/it)
  iter 2270  L= 256 bs=16  loss 0.1033  (0.22s/it)
  iter 2280  L= 512 bs=8  loss 0.1511  (0.22s/it)
  iter 2290  L=1024 bs=4  loss 0.4478  (0.22s/it)
  iter 2300  L= 512 bs=8  loss 0.0581  (0.22s/it)
  iter 2310  L= 256 bs=16  loss 0.2863  (0.22s/it)
  iter 2320  L=1024 bs=4  loss 0.0902  (0.22s/it)
  iter 2330  L= 512 bs=8  loss 0.5173  (0.22s/it)
  iter 2340  L=1024 bs=4  loss 0.7751  (0.22s/it)
  iter 2350  L=1024 bs=4  loss 0.8342  (0.22s/it)
  iter 2360  L= 256 bs=16  loss 0.4652  (0.22s/it)
  iter 2370  L=1024 bs=4  loss 0.0013  (0.22s/it)
  iter 2380  L= 256 bs=16  loss 0.6232  (0.22s/it)
  iter 2390  L= 512 bs=8  loss 1.1178  (0.22s/it)
  iter 2400  L= 512 bs=8  loss 0.5364  (0.22s/it)
  iter 2410  L= 256 bs=16  loss 0.1593  (0.22s/it)
  iter 2420  L= 512 bs=8  loss 0.2942  (0.22s/it)
  iter 2430  L= 768 bs=5  loss 0.9372  (0.22s/it)
  iter 2440  L= 768 bs=5  loss 1.2778  (0.22s/it)
  iter 2450  L=1024 bs=4  loss 0.7908  (0.22s/it)
  iter 2460  L= 256 bs=16  loss 0.3159  (0.22s/it)
  iter 2470  L= 512 bs=8  loss 0.4325  (0.22s/it)
  iter 2480  L= 256 bs=16  loss 0.4659  (0.22s/it)
  iter 2490  L= 256 bs=16  loss 0.5466  (0.22s/it)
  iter 2500  L= 512 bs=8  loss 0.0873  (0.22s/it)
  iter 2510  L= 768 bs=5  loss 0.9064  (0.22s/it)
  iter 2520  L=1024 bs=4  loss 0.0098  (0.22s/it)
  iter 2530  L= 768 bs=5  loss 0.6850  (0.22s/it)
  iter 2540  L= 768 bs=5  loss 0.1189  (0.22s/it)
  iter 2550  L= 512 bs=8  loss 0.7025  (0.22s/it)
  iter 2560  L= 768 bs=5  loss 0.8723  (0.22s/it)
  iter 2570  L=1024 bs=4  loss 0.1021  (0.22s/it)
  iter 2580  L= 512 bs=8  loss 0.3603  (0.22s/it)
  iter 2590  L=1024 bs=4  loss 0.1382  (0.22s/it)
  iter 2600  L= 256 bs=16  loss 0.4867  (0.22s/it)
  iter 2610  L=1024 bs=4  loss 0.4054  (0.22s/it)
  iter 2620  L= 256 bs=16  loss 0.5534  (0.22s/it)
  iter 2630  L= 256 bs=16  loss 0.3964  (0.22s/it)
  iter 2640  L= 512 bs=8  loss 0.0525  (0.22s/it)
  iter 2650  L= 256 bs=16  loss 0.4365  (0.22s/it)
  iter 2660  L= 512 bs=8  loss 0.1434  (0.22s/it)
  iter 2670  L= 256 bs=16  loss 0.2590  (0.22s/it)
  iter 2680  L= 768 bs=5  loss 0.0021  (0.22s/it)
  iter 2690  L= 512 bs=8  loss 1.1722  (0.22s/it)
  iter 2700  L= 768 bs=5  loss 0.0947  (0.22s/it)
  iter 2710  L= 256 bs=16  loss 0.2703  (0.22s/it)
  iter 2720  L= 256 bs=16  loss 0.9148  (0.22s/it)
  iter 2730  L= 768 bs=5  loss 0.8700  (0.22s/it)
  iter 2740  L= 256 bs=16  loss 0.5078  (0.22s/it)
  iter 2750  L= 512 bs=8  loss 0.6672  (0.22s/it)
  iter 2760  L= 512 bs=8  loss 0.8168  (0.22s/it)
  iter 2770  L=1024 bs=4  loss 1.1903  (0.22s/it)
  iter 2780  L=1024 bs=4  loss 1.1097  (0.22s/it)
  iter 2790  L= 512 bs=8  loss 0.7353  (0.22s/it)
  iter 2800  L=1024 bs=4  loss 0.5897  (0.22s/it)
  iter 2810  L= 256 bs=16  loss 0.3194  (0.22s/it)
  iter 2820  L= 256 bs=16  loss 0.5575  (0.22s/it)
  iter 2830  L= 256 bs=16  loss 0.3644  (0.22s/it)
  iter 2840  L= 768 bs=5  loss 0.5777  (0.22s/it)
  iter 2850  L= 256 bs=16  loss 0.5490  (0.22s/it)
  iter 2860  L= 512 bs=8  loss 0.8720  (0.22s/it)
  iter 2870  L= 256 bs=16  loss 0.2732  (0.22s/it)
  iter 2880  L= 256 bs=16  loss 0.2533  (0.22s/it)
  iter 2890  L= 768 bs=5  loss 0.1375  (0.22s/it)
  iter 2900  L= 768 bs=5  loss 0.9777  (0.22s/it)
  iter 2910  L=1024 bs=4  loss 0.0002  (0.22s/it)
  iter 2920  L= 768 bs=5  loss 0.7671  (0.22s/it)
  iter 2930  L=1024 bs=4  loss 0.2904  (0.22s/it)
  iter 2940  L=1024 bs=4  loss 0.4446  (0.22s/it)
  iter 2950  L= 256 bs=16  loss 0.5134  (0.22s/it)
  iter 2960  L= 768 bs=5  loss 0.2023  (0.22s/it)
  iter 2970  L= 768 bs=5  loss 0.4610  (0.22s/it)
  iter 2980  L=1024 bs=4  loss 0.0004  (0.22s/it)
  iter 2990  L= 256 bs=16  loss 0.0609  (0.22s/it)
  iter 3000  L=1024 bs=4  loss 0.2729  (0.22s/it)
  iter 3010  L=1024 bs=4  loss 0.0000  (0.22s/it)
  iter 3020  L= 768 bs=5  loss 1.1573  (0.22s/it)
  iter 3030  L= 768 bs=5  loss 0.5587  (0.22s/it)
  iter 3040  L= 768 bs=5  loss 0.0254  (0.22s/it)
  iter 3050  L=1024 bs=4  loss 0.0592  (0.22s/it)
  iter 3060  L= 768 bs=5  loss 0.4320  (0.22s/it)
  iter 3070  L=1024 bs=4  loss 0.1975  (0.22s/it)
  iter 3080  L= 512 bs=8  loss 0.5563  (0.22s/it)
  iter 3090  L= 256 bs=16  loss 0.5670  (0.22s/it)
  iter 3100  L=1024 bs=4  loss 0.6937  (0.22s/it)
  iter 3110  L=1024 bs=4  loss 0.1464  (0.22s/it)
  iter 3120  L= 512 bs=8  loss 0.1737  (0.22s/it)
  iter 3130  L= 768 bs=5  loss 0.3267  (0.22s/it)
  iter 3140  L= 512 bs=8  loss 0.6272  (0.22s/it)
  iter 3150  L= 768 bs=5  loss 1.3321  (0.22s/it)
  iter 3160  L= 512 bs=8  loss 0.1379  (0.22s/it)
  iter 3170  L= 512 bs=8  loss 0.6676  (0.22s/it)
  iter 3180  L= 768 bs=5  loss 0.5592  (0.22s/it)
  iter 3190  L= 256 bs=16  loss 0.6410  (0.22s/it)
  iter 3200  L= 256 bs=16  loss 0.2550  (0.22s/it)
  iter 3210  L= 768 bs=5  loss 0.2941  (0.22s/it)
  iter 3220  L= 768 bs=5  loss 0.1762  (0.22s/it)
  iter 3230  L=1024 bs=4  loss 0.0128  (0.22s/it)
  iter 3240  L= 256 bs=16  loss 0.1807  (0.22s/it)
  iter 3250  L= 768 bs=5  loss 0.0202  (0.22s/it)
  iter 3260  L= 512 bs=8  loss 0.2209  (0.22s/it)
  iter 3270  L= 512 bs=8  loss 0.3999  (0.22s/it)
  iter 3280  L= 768 bs=5  loss 1.2161  (0.22s/it)
  iter 3290  L= 768 bs=5  loss 0.1475  (0.22s/it)
  iter 3300  L=1024 bs=4  loss 0.3465  (0.22s/it)
  iter 3310  L= 256 bs=16  loss 0.1013  (0.22s/it)
  iter 3320  L= 512 bs=8  loss 0.2607  (0.22s/it)
  iter 3330  L= 512 bs=8  loss 0.2785  (0.22s/it)
  iter 3340  L= 768 bs=5  loss 0.0012  (0.22s/it)
  iter 3350  L=1024 bs=4  loss 1.1877  (0.22s/it)
  iter 3360  L=1024 bs=4  loss 0.3787  (0.22s/it)
  iter 3370  L= 256 bs=16  loss 0.3824  (0.22s/it)
  iter 3380  L= 768 bs=5  loss 1.2962  (0.22s/it)
  iter 3390  L=1024 bs=4  loss 0.1721  (0.22s/it)
  iter 3400  L= 768 bs=5  loss 1.6109  (0.22s/it)
  iter 3410  L= 768 bs=5  loss 0.0071  (0.22s/it)
  iter 3420  L= 256 bs=16  loss 0.5718  (0.22s/it)
  iter 3430  L= 512 bs=8  loss 0.2564  (0.22s/it)
  iter 3440  L= 768 bs=5  loss 0.9240  (0.22s/it)
  iter 3450  L= 512 bs=8  loss 0.2761  (0.22s/it)
  iter 3460  L= 256 bs=16  loss 0.1180  (0.22s/it)
  iter 3470  L= 768 bs=5  loss 0.2093  (0.22s/it)
  iter 3480  L= 768 bs=5  loss 0.5957  (0.22s/it)
  iter 3490  L= 768 bs=5  loss 0.5517  (0.22s/it)
  iter 3500  L= 512 bs=8  loss 0.0211  (0.22s/it)
  iter 3510  L=1024 bs=4  loss 0.2792  (0.22s/it)
  iter 3520  L= 512 bs=8  loss 0.3432  (0.22s/it)
  iter 3530  L= 512 bs=8  loss 0.1867  (0.22s/it)
  iter 3540  L= 768 bs=5  loss 0.4239  (0.22s/it)
  iter 3550  L= 256 bs=16  loss 0.2790  (0.22s/it)
  iter 3560  L= 512 bs=8  loss 0.8214  (0.22s/it)
  iter 3570  L=1024 bs=4  loss 0.0650  (0.22s/it)
  iter 3580  L=1024 bs=4  loss 0.0270  (0.22s/it)
  iter 3590  L= 768 bs=5  loss 0.2401  (0.22s/it)
  iter 3600  L= 512 bs=8  loss 0.3443  (0.22s/it)
  iter 3610  L=1024 bs=4  loss 1.0785  (0.22s/it)
  iter 3620  L= 768 bs=5  loss 0.0008  (0.22s/it)
  iter 3630  L= 256 bs=16  loss 0.2417  (0.22s/it)
  iter 3640  L= 512 bs=8  loss 0.5074  (0.22s/it)
  iter 3650  L= 768 bs=5  loss 0.8052  (0.22s/it)
  iter 3660  L= 256 bs=16  loss 0.2242  (0.22s/it)
  iter 3670  L=1024 bs=4  loss 0.3923  (0.22s/it)
  iter 3680  L= 768 bs=5  loss 0.6600  (0.22s/it)
  iter 3690  L=1024 bs=4  loss 0.0005  (0.22s/it)
  iter 3700  L=1024 bs=4  loss 0.6929  (0.22s/it)
  iter 3710  L=1024 bs=4  loss 0.8672  (0.22s/it)
  iter 3720  L=1024 bs=4  loss 0.0838  (0.22s/it)
  iter 3730  L= 512 bs=8  loss 0.3427  (0.22s/it)
  iter 3740  L= 256 bs=16  loss 0.4193  (0.22s/it)
  iter 3750  L= 512 bs=8  loss 0.0233  (0.22s/it)
  iter 3760  L= 512 bs=8  loss 0.5732  (0.22s/it)
  iter 3770  L= 256 bs=16  loss 0.0181  (0.22s/it)
  iter 3780  L=1024 bs=4  loss 0.0188  (0.22s/it)
  iter 3790  L= 768 bs=5  loss 0.4507  (0.22s/it)
  iter 3800  L= 256 bs=16  loss 0.4048  (0.22s/it)
  iter 3810  L= 768 bs=5  loss 0.0654  (0.22s/it)
  iter 3820  L=1024 bs=4  loss 0.0001  (0.22s/it)
  iter 3830  L=1024 bs=4  loss 0.1674  (0.22s/it)
  iter 3840  L= 256 bs=16  loss 0.0751  (0.22s/it)
  iter 3850  L= 256 bs=16  loss 0.4335  (0.22s/it)
  iter 3860  L=1024 bs=4  loss 0.1760  (0.22s/it)
  iter 3870  L= 768 bs=5  loss 0.1438  (0.22s/it)
  iter 3880  L= 768 bs=5  loss 0.0144  (0.22s/it)
  iter 3890  L= 768 bs=5  loss 0.4891  (0.22s/it)
  iter 3900  L= 512 bs=8  loss 0.0095  (0.22s/it)
  iter 3910  L= 256 bs=16  loss 0.5440  (0.22s/it)
  iter 3920  L=1024 bs=4  loss 1.1932  (0.22s/it)
  iter 3930  L=1024 bs=4  loss 0.0011  (0.22s/it)
  iter 3940  L= 768 bs=5  loss 0.9365  (0.22s/it)
  iter 3950  L= 512 bs=8  loss 0.0042  (0.22s/it)
  iter 3960  L= 256 bs=16  loss 0.5304  (0.22s/it)
  iter 3970  L= 768 bs=5  loss 0.0158  (0.22s/it)
  iter 3980  L=1024 bs=4  loss 1.1122  (0.22s/it)
  iter 3990  L= 512 bs=8  loss 0.6822  (0.22s/it)
  iter 4000  L= 512 bs=8  loss 0.2153  (0.22s/it)
  iter 4010  L=1024 bs=4  loss 0.2076  (0.22s/it)
  iter 4020  L= 768 bs=5  loss 0.0118  (0.22s/it)
  iter 4030  L= 768 bs=5  loss 0.8240  (0.22s/it)
  iter 4040  L=1024 bs=4  loss 0.3126  (0.22s/it)
  iter 4050  L= 768 bs=5  loss 0.7747  (0.22s/it)
  iter 4060  L= 256 bs=16  loss 0.3904  (0.22s/it)
  iter 4070  L= 256 bs=16  loss 0.2473  (0.22s/it)
  iter 4080  L= 256 bs=16  loss 0.1188  (0.22s/it)
  iter 4090  L= 512 bs=8  loss 0.1560  (0.22s/it)
  iter 4100  L=1024 bs=4  loss 0.0489  (0.22s/it)
  iter 4110  L=1024 bs=4  loss 0.0023  (0.22s/it)
  iter 4120  L= 512 bs=8  loss 0.0303  (0.22s/it)
  iter 4130  L= 768 bs=5  loss 0.5315  (0.22s/it)
  iter 4140  L= 768 bs=5  loss 0.0135  (0.22s/it)
  iter 4150  L= 768 bs=5  loss 0.0404  (0.22s/it)
  iter 4160  L= 768 bs=5  loss 0.1702  (0.22s/it)
  iter 4170  L= 512 bs=8  loss 0.3156  (0.22s/it)
  iter 4180  L=1024 bs=4  loss 0.5193  (0.22s/it)
  iter 4190  L= 256 bs=16  loss 0.3627  (0.22s/it)
  iter 4200  L=1024 bs=4  loss 0.0885  (0.22s/it)
  iter 4210  L= 256 bs=16  loss 0.0196  (0.22s/it)
  iter 4220  L=1024 bs=4  loss 0.0041  (0.22s/it)
  iter 4230  L= 512 bs=8  loss 0.5096  (0.22s/it)
  iter 4240  L= 768 bs=5  loss 1.0955  (0.22s/it)
  iter 4250  L= 256 bs=16  loss 0.6734  (0.22s/it)
  iter 4260  L=1024 bs=4  loss 0.4537  (0.22s/it)
  iter 4270  L= 512 bs=8  loss 0.8092  (0.22s/it)
  iter 4280  L=1024 bs=4  loss 0.2282  (0.22s/it)
  iter 4290  L=1024 bs=4  loss 0.1522  (0.22s/it)
  iter 4300  L= 256 bs=16  loss 0.1160  (0.22s/it)
  iter 4310  L= 512 bs=8  loss 0.0720  (0.22s/it)
  iter 4320  L= 256 bs=16  loss 0.2750  (0.22s/it)
  iter 4330  L= 512 bs=8  loss 0.0578  (0.22s/it)
  iter 4340  L= 256 bs=16  loss 0.1899  (0.22s/it)
  iter 4350  L=1024 bs=4  loss 0.6412  (0.22s/it)
  iter 4360  L= 256 bs=16  loss 0.2622  (0.22s/it)
  iter 4370  L= 512 bs=8  loss 0.4779  (0.22s/it)
  iter 4380  L= 256 bs=16  loss 0.1509  (0.22s/it)
  iter 4390  L= 768 bs=5  loss 0.2880  (0.22s/it)
  iter 4400  L= 512 bs=8  loss 0.0726  (0.22s/it)
  iter 4410  L= 768 bs=5  loss 0.2637  (0.22s/it)
  iter 4420  L= 256 bs=16  loss 0.2344  (0.22s/it)
  iter 4430  L= 256 bs=16  loss 0.3566  (0.22s/it)
  iter 4440  L= 512 bs=8  loss 0.3242  (0.22s/it)
  iter 4450  L= 512 bs=8  loss 0.1618  (0.22s/it)
  iter 4460  L= 512 bs=8  loss 0.4409  (0.22s/it)
  iter 4470  L= 256 bs=16  loss 0.2127  (0.22s/it)
  iter 4480  L= 256 bs=16  loss 0.0943  (0.22s/it)
  iter 4490  L= 512 bs=8  loss 0.0177  (0.22s/it)
  iter 4500  L= 256 bs=16  loss 0.2233  (0.22s/it)
  iter 4510  L= 512 bs=8  loss 0.3380  (0.22s/it)
  iter 4520  L=1024 bs=4  loss 0.4168  (0.22s/it)
  iter 4530  L= 768 bs=5  loss 0.6537  (0.22s/it)
  iter 4540  L= 256 bs=16  loss 0.2157  (0.22s/it)
  iter 4550  L= 768 bs=5  loss 0.0047  (0.22s/it)
  iter 4560  L= 256 bs=16  loss 0.0913  (0.22s/it)
  iter 4570  L= 256 bs=16  loss 0.4203  (0.22s/it)
  iter 4580  L= 512 bs=8  loss 0.3152  (0.22s/it)
  iter 4590  L=1024 bs=4  loss 0.2242  (0.22s/it)
  iter 4600  L=1024 bs=4  loss 0.0001  (0.22s/it)
  iter 4610  L= 768 bs=5  loss 1.1631  (0.22s/it)
  iter 4620  L= 256 bs=16  loss 0.1884  (0.22s/it)
  iter 4630  L= 512 bs=8  loss 0.2579  (0.22s/it)
  iter 4640  L=1024 bs=4  loss 0.0114  (0.22s/it)
  iter 4650  L= 256 bs=16  loss 0.4152  (0.22s/it)
  iter 4660  L= 512 bs=8  loss 0.3413  (0.22s/it)
  iter 4670  L=1024 bs=4  loss 0.2267  (0.22s/it)
  iter 4680  L=1024 bs=4  loss 0.1043  (0.22s/it)
  iter 4690  L= 768 bs=5  loss 0.4597  (0.22s/it)
  iter 4700  L=1024 bs=4  loss 0.0003  (0.22s/it)
  iter 4710  L= 256 bs=16  loss 0.5706  (0.22s/it)
  iter 4720  L=1024 bs=4  loss 0.0016  (0.22s/it)
  iter 4730  L= 768 bs=5  loss 0.0800  (0.22s/it)
  iter 4740  L= 768 bs=5  loss 0.4782  (0.22s/it)
  iter 4750  L= 768 bs=5  loss 1.6855  (0.22s/it)
  iter 4760  L= 512 bs=8  loss 0.6768  (0.22s/it)
  iter 4770  L= 256 bs=16  loss 0.4168  (0.22s/it)
  iter 4780  L=1024 bs=4  loss 0.0197  (0.22s/it)
  iter 4790  L= 512 bs=8  loss 0.0047  (0.22s/it)
  iter 4800  L= 256 bs=16  loss 0.1488  (0.22s/it)
  iter 4810  L= 512 bs=8  loss 0.3526  (0.22s/it)
  iter 4820  L= 768 bs=5  loss 0.3163  (0.22s/it)
  iter 4830  L=1024 bs=4  loss 0.8906  (0.22s/it)
  iter 4840  L=1024 bs=4  loss 0.7339  (0.22s/it)
  iter 4850  L= 768 bs=5  loss 0.3289  (0.22s/it)
  iter 4860  L= 512 bs=8  loss 0.2365  (0.22s/it)
  iter 4870  L= 256 bs=16  loss 0.4144  (0.22s/it)
  iter 4880  L= 512 bs=8  loss 0.0231  (0.22s/it)
  iter 4890  L= 768 bs=5  loss 0.4942  (0.22s/it)
  iter 4900  L= 256 bs=16  loss 0.7170  (0.22s/it)
  iter 4910  L=1024 bs=4  loss 0.3910  (0.22s/it)
  iter 4920  L= 256 bs=16  loss 0.1641  (0.22s/it)
  iter 4930  L= 256 bs=16  loss 0.0392  (0.22s/it)
  iter 4940  L=1024 bs=4  loss 0.0207  (0.22s/it)
  iter 4950  L= 768 bs=5  loss 0.4215  (0.22s/it)
  iter 4960  L= 256 bs=16  loss 0.2131  (0.22s/it)
  iter 4970  L= 768 bs=5  loss 0.4424  (0.22s/it)
  iter 4980  L= 256 bs=16  loss 0.4210  (0.22s/it)
  iter 4990  L= 256 bs=16  loss 1.0407  (0.22s/it)
  iter 5000  L= 256 bs=16  loss 0.3184  (0.22s/it)
Passkey accuracy after fine-tuning (cross_shift_c=0.0):
  ctx=   512  exact=0.95  first_token=1.00
  ctx=  1024  exact=0.95  first_token=1.00
  ctx=  2048  exact=0.96  first_token=0.99
  ctx=  4096  exact=0.94  first_token=1.00
  ctx=  8192  exact=0.92  first_token=0.99
  ctx= 16384  exact=0.93  first_token=1.00
Passkey accuracy after fine-tuning (cross_shift_c=1.0):
  ctx=   512  exact=0.95  first_token=1.00
  ctx=  1024  exact=0.95  first_token=1.00
  ctx=  2048  exact=0.96  first_token=0.99
  ctx=  4096  exact=0.94  first_token=1.00
  ctx=  8192  exact=0.92  first_token=0.99
  ctx= 16384  exact=0.94  first_token=1.00
########## R s2
number of parameters: 63.52M
Model type: R | params 63,517,184 | delimiter 764 | device cuda
Fine-tuning for 5000 iters on lengths [256, 512, 768, 1024]:
  iter    1  L=1024 bs=4  loss 5.9205  (0.67s/it)
  iter   10  L= 256 bs=16  loss 1.1766  (0.26s/it)
  iter   20  L= 512 bs=8  loss 1.4106  (0.24s/it)
  iter   30  L=1024 bs=4  loss 2.2143  (0.23s/it)
  iter   40  L= 256 bs=16  loss 1.8878  (0.23s/it)
  iter   50  L=1024 bs=4  loss 2.0715  (0.23s/it)
  iter   60  L=1024 bs=4  loss 0.5988  (0.22s/it)
  iter   70  L=1024 bs=4  loss 1.2339  (0.22s/it)
  iter   80  L= 256 bs=16  loss 1.7765  (0.22s/it)
  iter   90  L=1024 bs=4  loss 0.5671  (0.22s/it)
  iter  100  L= 256 bs=16  loss 0.8193  (0.22s/it)
  iter  110  L= 768 bs=5  loss 1.8819  (0.22s/it)
  iter  120  L= 256 bs=16  loss 1.5664  (0.22s/it)
  iter  130  L= 256 bs=16  loss 1.2416  (0.22s/it)
  iter  140  L= 512 bs=8  loss 0.8205  (0.22s/it)
  iter  150  L= 512 bs=8  loss 1.3056  (0.22s/it)
  iter  160  L=1024 bs=4  loss 1.5689  (0.22s/it)
  iter  170  L= 768 bs=5  loss 3.7958  (0.22s/it)
  iter  180  L= 512 bs=8  loss 1.4158  (0.22s/it)
  iter  190  L= 512 bs=8  loss 1.0781  (0.22s/it)
  iter  200  L= 256 bs=16  loss 0.9213  (0.21s/it)
  iter  210  L= 768 bs=5  loss 0.5089  (0.21s/it)
  iter  220  L= 256 bs=16  loss 1.4784  (0.21s/it)
  iter  230  L= 768 bs=5  loss 0.9196  (0.21s/it)
  iter  240  L= 512 bs=8  loss 1.1936  (0.21s/it)
  iter  250  L= 768 bs=5  loss 1.7221  (0.21s/it)
  iter  260  L= 256 bs=16  loss 0.7409  (0.21s/it)
  iter  270  L= 768 bs=5  loss 1.1463  (0.21s/it)
  iter  280  L=1024 bs=4  loss 1.2161  (0.21s/it)
  iter  290  L= 256 bs=16  loss 1.6603  (0.21s/it)
  iter  300  L= 256 bs=16  loss 1.5577  (0.21s/it)
  iter  310  L= 512 bs=8  loss 0.2741  (0.21s/it)
  iter  320  L= 512 bs=8  loss 1.3185  (0.21s/it)
  iter  330  L=1024 bs=4  loss 1.0389  (0.21s/it)
  iter  340  L= 512 bs=8  loss 1.2603  (0.21s/it)
  iter  350  L= 512 bs=8  loss 0.3102  (0.21s/it)
  iter  360  L= 768 bs=5  loss 0.9429  (0.21s/it)
  iter  370  L= 512 bs=8  loss 1.2496  (0.21s/it)
  iter  380  L= 768 bs=5  loss 1.9300  (0.21s/it)
  iter  390  L= 768 bs=5  loss 0.8215  (0.21s/it)
  iter  400  L= 256 bs=16  loss 0.4851  (0.21s/it)
  iter  410  L= 256 bs=16  loss 0.4255  (0.21s/it)
  iter  420  L= 512 bs=8  loss 0.5570  (0.21s/it)
  iter  430  L=1024 bs=4  loss 1.4745  (0.21s/it)
  iter  440  L=1024 bs=4  loss 0.4614  (0.21s/it)
  iter  450  L= 512 bs=8  loss 1.7458  (0.21s/it)
  iter  460  L= 256 bs=16  loss 0.7139  (0.21s/it)
  iter  470  L= 768 bs=5  loss 0.4521  (0.21s/it)
  iter  480  L= 768 bs=5  loss 0.1204  (0.21s/it)
  iter  490  L= 512 bs=8  loss 1.0440  (0.21s/it)
  iter  500  L=1024 bs=4  loss 1.0615  (0.21s/it)
  iter  510  L= 256 bs=16  loss 1.1778  (0.21s/it)
  iter  520  L= 512 bs=8  loss 0.6572  (0.21s/it)
  iter  530  L= 512 bs=8  loss 0.3494  (0.21s/it)
  iter  540  L= 768 bs=5  loss 0.2285  (0.21s/it)
  iter  550  L= 256 bs=16  loss 0.9909  (0.21s/it)
  iter  560  L= 256 bs=16  loss 1.0040  (0.21s/it)
  iter  570  L=1024 bs=4  loss 0.4052  (0.21s/it)
  iter  580  L= 768 bs=5  loss 1.2718  (0.21s/it)
  iter  590  L=1024 bs=4  loss 1.6945  (0.21s/it)
  iter  600  L= 768 bs=5  loss 1.9148  (0.21s/it)
  iter  610  L= 512 bs=8  loss 1.6190  (0.21s/it)
  iter  620  L= 512 bs=8  loss 1.5545  (0.21s/it)
  iter  630  L=1024 bs=4  loss 2.2643  (0.21s/it)
  iter  640  L= 768 bs=5  loss 1.5445  (0.21s/it)
  iter  650  L= 512 bs=8  loss 0.3979  (0.21s/it)
  iter  660  L= 768 bs=5  loss 0.8977  (0.21s/it)
  iter  670  L= 256 bs=16  loss 0.5684  (0.21s/it)
  iter  680  L= 512 bs=8  loss 1.4414  (0.21s/it)
  iter  690  L= 256 bs=16  loss 0.7528  (0.21s/it)
  iter  700  L= 512 bs=8  loss 1.5071  (0.21s/it)
  iter  710  L=1024 bs=4  loss 1.4786  (0.21s/it)
  iter  720  L= 768 bs=5  loss 1.2833  (0.21s/it)
  iter  730  L= 256 bs=16  loss 0.5513  (0.21s/it)
  iter  740  L=1024 bs=4  loss 0.1142  (0.21s/it)
  iter  750  L= 512 bs=8  loss 0.3204  (0.21s/it)
  iter  760  L= 256 bs=16  loss 0.9372  (0.21s/it)
  iter  770  L= 512 bs=8  loss 1.5884  (0.21s/it)
  iter  780  L=1024 bs=4  loss 0.6651  (0.21s/it)
  iter  790  L= 768 bs=5  loss 2.4554  (0.21s/it)
  iter  800  L= 256 bs=16  loss 0.9392  (0.21s/it)
  iter  810  L= 512 bs=8  loss 1.2877  (0.21s/it)
  iter  820  L=1024 bs=4  loss 0.6270  (0.21s/it)
  iter  830  L=1024 bs=4  loss 0.0148  (0.21s/it)
  iter  840  L=1024 bs=4  loss 0.2671  (0.21s/it)
  iter  850  L= 768 bs=5  loss 0.6221  (0.21s/it)
  iter  860  L= 512 bs=8  loss 1.2524  (0.21s/it)
  iter  870  L=1024 bs=4  loss 1.6264  (0.21s/it)
  iter  880  L= 256 bs=16  loss 0.9915  (0.21s/it)
  iter  890  L= 256 bs=16  loss 1.1503  (0.21s/it)
  iter  900  L= 768 bs=5  loss 0.7818  (0.21s/it)
  iter  910  L= 256 bs=16  loss 0.5681  (0.21s/it)
  iter  920  L=1024 bs=4  loss 0.6270  (0.21s/it)
  iter  930  L= 512 bs=8  loss 1.6170  (0.21s/it)
  iter  940  L= 256 bs=16  loss 0.5532  (0.21s/it)
  iter  950  L= 256 bs=16  loss 0.7973  (0.21s/it)
  iter  960  L= 512 bs=8  loss 0.5929  (0.21s/it)
  iter  970  L= 768 bs=5  loss 0.4506  (0.21s/it)
  iter  980  L= 256 bs=16  loss 0.4988  (0.21s/it)
  iter  990  L= 512 bs=8  loss 1.2169  (0.21s/it)
  iter 1000  L= 512 bs=8  loss 0.3638  (0.21s/it)
  iter 1010  L=1024 bs=4  loss 1.1980  (0.21s/it)
  iter 1020  L= 512 bs=8  loss 0.6527  (0.21s/it)
  iter 1030  L= 256 bs=16  loss 0.8434  (0.21s/it)
  iter 1040  L= 768 bs=5  loss 1.1053  (0.21s/it)
  iter 1050  L=1024 bs=4  loss 0.2393  (0.21s/it)
  iter 1060  L= 512 bs=8  loss 0.7083  (0.21s/it)
  iter 1070  L=1024 bs=4  loss 0.9921  (0.21s/it)
  iter 1080  L= 768 bs=5  loss 0.8924  (0.21s/it)
  iter 1090  L= 512 bs=8  loss 0.5309  (0.21s/it)
  iter 1100  L= 512 bs=8  loss 0.8448  (0.21s/it)
  iter 1110  L=1024 bs=4  loss 1.3015  (0.21s/it)
  iter 1120  L= 256 bs=16  loss 1.1717  (0.21s/it)
  iter 1130  L= 768 bs=5  loss 1.0966  (0.21s/it)
  iter 1140  L= 768 bs=5  loss 1.2511  (0.21s/it)
  iter 1150  L= 768 bs=5  loss 1.2678  (0.21s/it)
  iter 1160  L=1024 bs=4  loss 0.5993  (0.21s/it)
  iter 1170  L=1024 bs=4  loss 0.0121  (0.21s/it)
  iter 1180  L= 512 bs=8  loss 0.8346  (0.21s/it)
  iter 1190  L= 256 bs=16  loss 0.2653  (0.21s/it)
  iter 1200  L= 512 bs=8  loss 0.3323  (0.21s/it)
  iter 1210  L= 768 bs=5  loss 0.6826  (0.21s/it)
  iter 1220  L= 256 bs=16  loss 0.5244  (0.21s/it)
  iter 1230  L= 256 bs=16  loss 0.2137  (0.21s/it)
  iter 1240  L= 512 bs=8  loss 1.0698  (0.21s/it)
  iter 1250  L= 256 bs=16  loss 0.2871  (0.21s/it)
  iter 1260  L= 512 bs=8  loss 0.6734  (0.21s/it)
  iter 1270  L= 256 bs=16  loss 0.7115  (0.21s/it)
  iter 1280  L= 256 bs=16  loss 1.3509  (0.21s/it)
  iter 1290  L= 512 bs=8  loss 1.3463  (0.21s/it)
  iter 1300  L= 512 bs=8  loss 1.0010  (0.21s/it)
  iter 1310  L= 256 bs=16  loss 0.4293  (0.21s/it)
  iter 1320  L=1024 bs=4  loss 1.5781  (0.21s/it)
  iter 1330  L= 512 bs=8  loss 0.3849  (0.21s/it)
  iter 1340  L= 256 bs=16  loss 0.6497  (0.21s/it)
  iter 1350  L= 512 bs=8  loss 0.7846  (0.21s/it)
  iter 1360  L= 256 bs=16  loss 1.1108  (0.21s/it)
  iter 1370  L=1024 bs=4  loss 0.5006  (0.21s/it)
  iter 1380  L= 512 bs=8  loss 0.2243  (0.21s/it)
  iter 1390  L=1024 bs=4  loss 0.0680  (0.21s/it)
  iter 1400  L=1024 bs=4  loss 0.3862  (0.21s/it)
  iter 1410  L=1024 bs=4  loss 0.8876  (0.21s/it)
  iter 1420  L= 256 bs=16  loss 0.8635  (0.21s/it)
  iter 1430  L=1024 bs=4  loss 0.0002  (0.21s/it)
  iter 1440  L=1024 bs=4  loss 0.1702  (0.21s/it)
  iter 1450  L= 512 bs=8  loss 1.1746  (0.21s/it)
  iter 1460  L= 256 bs=16  loss 0.4158  (0.21s/it)
  iter 1470  L=1024 bs=4  loss 0.7211  (0.21s/it)
  iter 1480  L= 512 bs=8  loss 0.4745  (0.21s/it)
  iter 1490  L=1024 bs=4  loss 0.9740  (0.21s/it)
  iter 1500  L= 512 bs=8  loss 0.6188  (0.21s/it)
  iter 1510  L= 512 bs=8  loss 0.3768  (0.21s/it)
  iter 1520  L=1024 bs=4  loss 1.3416  (0.21s/it)
  iter 1530  L= 256 bs=16  loss 0.1006  (0.21s/it)
  iter 1540  L=1024 bs=4  loss 0.1564  (0.21s/it)
  iter 1550  L=1024 bs=4  loss 0.2451  (0.21s/it)
  iter 1560  L= 256 bs=16  loss 1.7842  (0.21s/it)
  iter 1570  L= 768 bs=5  loss 0.6030  (0.21s/it)
  iter 1580  L=1024 bs=4  loss 1.0024  (0.21s/it)
  iter 1590  L= 256 bs=16  loss 0.3472  (0.21s/it)
  iter 1600  L= 768 bs=5  loss 0.1318  (0.21s/it)
  iter 1610  L= 512 bs=8  loss 1.5481  (0.21s/it)
  iter 1620  L=1024 bs=4  loss 0.8572  (0.21s/it)
  iter 1630  L=1024 bs=4  loss 0.6548  (0.21s/it)
  iter 1640  L= 512 bs=8  loss 0.5560  (0.21s/it)
  iter 1650  L= 512 bs=8  loss 0.5333  (0.21s/it)
  iter 1660  L=1024 bs=4  loss 1.4150  (0.21s/it)
  iter 1670  L= 768 bs=5  loss 0.6504  (0.21s/it)
  iter 1680  L= 256 bs=16  loss 0.4271  (0.21s/it)
  iter 1690  L=1024 bs=4  loss 1.3039  (0.21s/it)
  iter 1700  L= 256 bs=16  loss 0.5185  (0.21s/it)
  iter 1710  L= 256 bs=16  loss 0.7320  (0.21s/it)
  iter 1720  L= 256 bs=16  loss 0.7365  (0.21s/it)
  iter 1730  L=1024 bs=4  loss 0.8343  (0.21s/it)
  iter 1740  L= 512 bs=8  loss 0.1089  (0.21s/it)
  iter 1750  L= 768 bs=5  loss 0.7967  (0.21s/it)
  iter 1760  L= 512 bs=8  loss 0.2804  (0.21s/it)
  iter 1770  L= 512 bs=8  loss 0.9456  (0.21s/it)
  iter 1780  L=1024 bs=4  loss 1.4429  (0.21s/it)
  iter 1790  L= 512 bs=8  loss 1.3741  (0.21s/it)
  iter 1800  L= 512 bs=8  loss 1.1401  (0.21s/it)
  iter 1810  L=1024 bs=4  loss 0.0652  (0.21s/it)
  iter 1820  L= 512 bs=8  loss 1.2031  (0.21s/it)
  iter 1830  L= 768 bs=5  loss 1.4569  (0.21s/it)
  iter 1840  L=1024 bs=4  loss 0.2769  (0.21s/it)
  iter 1850  L= 256 bs=16  loss 0.4144  (0.21s/it)
  iter 1860  L= 768 bs=5  loss 0.2411  (0.21s/it)
  iter 1870  L= 256 bs=16  loss 0.2759  (0.21s/it)
  iter 1880  L=1024 bs=4  loss 0.0096  (0.21s/it)
  iter 1890  L= 512 bs=8  loss 0.4505  (0.21s/it)
  iter 1900  L= 256 bs=16  loss 0.6688  (0.21s/it)
  iter 1910  L= 768 bs=5  loss 0.0222  (0.21s/it)
  iter 1920  L= 768 bs=5  loss 1.2726  (0.21s/it)
  iter 1930  L=1024 bs=4  loss 0.6144  (0.21s/it)
  iter 1940  L=1024 bs=4  loss 1.1350  (0.21s/it)
  iter 1950  L=1024 bs=4  loss 0.2554  (0.21s/it)
  iter 1960  L=1024 bs=4  loss 0.0032  (0.21s/it)
  iter 1970  L= 256 bs=16  loss 0.7754  (0.21s/it)
  iter 1980  L=1024 bs=4  loss 0.0010  (0.21s/it)
  iter 1990  L= 512 bs=8  loss 0.5436  (0.21s/it)
  iter 2000  L= 256 bs=16  loss 0.4455  (0.21s/it)
  iter 2010  L= 256 bs=16  loss 0.6477  (0.21s/it)
  iter 2020  L=1024 bs=4  loss 0.4678  (0.21s/it)
  iter 2030  L=1024 bs=4  loss 0.8850  (0.21s/it)
  iter 2040  L= 512 bs=8  loss 0.2093  (0.21s/it)
  iter 2050  L= 512 bs=8  loss 0.5077  (0.21s/it)
  iter 2060  L= 512 bs=8  loss 0.4875  (0.21s/it)
  iter 2070  L= 512 bs=8  loss 0.0056  (0.21s/it)
  iter 2080  L= 512 bs=8  loss 0.2936  (0.21s/it)
  iter 2090  L=1024 bs=4  loss 0.9043  (0.21s/it)
  iter 2100  L=1024 bs=4  loss 1.2329  (0.21s/it)
  iter 2110  L= 256 bs=16  loss 0.6060  (0.21s/it)
  iter 2120  L= 256 bs=16  loss 0.3672  (0.21s/it)
  iter 2130  L=1024 bs=4  loss 0.8014  (0.21s/it)
  iter 2140  L= 768 bs=5  loss 1.1143  (0.21s/it)
  iter 2150  L= 512 bs=8  loss 0.3386  (0.21s/it)
  iter 2160  L= 512 bs=8  loss 0.3512  (0.21s/it)
  iter 2170  L= 768 bs=5  loss 0.4340  (0.21s/it)
  iter 2180  L= 512 bs=8  loss 0.7692  (0.21s/it)
  iter 2190  L=1024 bs=4  loss 0.0128  (0.21s/it)
  iter 2200  L= 512 bs=8  loss 0.5609  (0.21s/it)
  iter 2210  L= 256 bs=16  loss 0.2487  (0.21s/it)
  iter 2220  L= 256 bs=16  loss 0.6603  (0.21s/it)
  iter 2230  L= 512 bs=8  loss 0.0128  (0.21s/it)
  iter 2240  L= 512 bs=8  loss 0.4413  (0.21s/it)
  iter 2250  L=1024 bs=4  loss 0.1023  (0.21s/it)
  iter 2260  L= 512 bs=8  loss 0.2705  (0.21s/it)
  iter 2270  L= 256 bs=16  loss 0.0751  (0.21s/it)
  iter 2280  L= 512 bs=8  loss 0.1330  (0.21s/it)
  iter 2290  L=1024 bs=4  loss 0.1669  (0.21s/it)
  iter 2300  L= 512 bs=8  loss 0.1996  (0.21s/it)
  iter 2310  L= 256 bs=16  loss 0.3018  (0.21s/it)
  iter 2320  L=1024 bs=4  loss 0.2388  (0.21s/it)
  iter 2330  L= 512 bs=8  loss 0.4641  (0.21s/it)
  iter 2340  L=1024 bs=4  loss 0.5670  (0.21s/it)
  iter 2350  L=1024 bs=4  loss 0.6618  (0.21s/it)
  iter 2360  L= 256 bs=16  loss 0.3734  (0.21s/it)
  iter 2370  L=1024 bs=4  loss 0.0019  (0.21s/it)
  iter 2380  L= 256 bs=16  loss 0.5226  (0.21s/it)
  iter 2390  L= 512 bs=8  loss 1.0499  (0.21s/it)
  iter 2400  L= 512 bs=8  loss 0.5184  (0.21s/it)
  iter 2410  L= 256 bs=16  loss 0.1631  (0.21s/it)
  iter 2420  L= 512 bs=8  loss 0.2572  (0.21s/it)
  iter 2430  L= 768 bs=5  loss 0.8443  (0.21s/it)
  iter 2440  L= 768 bs=5  loss 1.6436  (0.21s/it)
  iter 2450  L=1024 bs=4  loss 0.6206  (0.21s/it)
  iter 2460  L= 256 bs=16  loss 0.2536  (0.21s/it)
  iter 2470  L= 512 bs=8  loss 0.4993  (0.21s/it)
  iter 2480  L= 256 bs=16  loss 0.4308  (0.21s/it)
  iter 2490  L= 256 bs=16  loss 0.5173  (0.21s/it)
  iter 2500  L= 512 bs=8  loss 0.0343  (0.21s/it)
  iter 2510  L= 768 bs=5  loss 0.9824  (0.21s/it)
  iter 2520  L=1024 bs=4  loss 0.0117  (0.21s/it)
  iter 2530  L= 768 bs=5  loss 0.6676  (0.21s/it)
  iter 2540  L= 768 bs=5  loss 0.1731  (0.21s/it)
  iter 2550  L= 512 bs=8  loss 0.5246  (0.21s/it)
  iter 2560  L= 768 bs=5  loss 0.7577  (0.21s/it)
  iter 2570  L=1024 bs=4  loss 0.1918  (0.21s/it)
  iter 2580  L= 512 bs=8  loss 0.4336  (0.21s/it)
  iter 2590  L=1024 bs=4  loss 0.2152  (0.21s/it)
  iter 2600  L= 256 bs=16  loss 0.4276  (0.21s/it)
  iter 2610  L=1024 bs=4  loss 0.5363  (0.21s/it)
  iter 2620  L= 256 bs=16  loss 0.5302  (0.21s/it)
  iter 2630  L= 256 bs=16  loss 0.3439  (0.21s/it)
  iter 2640  L= 512 bs=8  loss 0.0714  (0.21s/it)
  iter 2650  L= 256 bs=16  loss 0.4339  (0.21s/it)
  iter 2660  L= 512 bs=8  loss 0.1445  (0.21s/it)
  iter 2670  L= 256 bs=16  loss 0.2502  (0.21s/it)
  iter 2680  L= 768 bs=5  loss 0.0018  (0.21s/it)
  iter 2690  L= 512 bs=8  loss 1.1764  (0.21s/it)
  iter 2700  L= 768 bs=5  loss 0.0454  (0.21s/it)
  iter 2710  L= 256 bs=16  loss 0.2775  (0.21s/it)
  iter 2720  L= 256 bs=16  loss 0.8171  (0.21s/it)
  iter 2730  L= 768 bs=5  loss 0.8749  (0.21s/it)
  iter 2740  L= 256 bs=16  loss 0.4120  (0.21s/it)
  iter 2750  L= 512 bs=8  loss 0.5516  (0.21s/it)
  iter 2760  L= 512 bs=8  loss 0.7407  (0.21s/it)
  iter 2770  L=1024 bs=4  loss 1.0354  (0.21s/it)
  iter 2780  L=1024 bs=4  loss 1.2196  (0.21s/it)
  iter 2790  L= 512 bs=8  loss 0.7289  (0.21s/it)
  iter 2800  L=1024 bs=4  loss 0.6352  (0.21s/it)
  iter 2810  L= 256 bs=16  loss 0.2941  (0.21s/it)
  iter 2820  L= 256 bs=16  loss 0.5892  (0.21s/it)
  iter 2830  L= 256 bs=16  loss 0.3433  (0.21s/it)
  iter 2840  L= 768 bs=5  loss 0.3862  (0.21s/it)
  iter 2850  L= 256 bs=16  loss 0.4779  (0.21s/it)
  iter 2860  L= 512 bs=8  loss 0.8598  (0.21s/it)
  iter 2870  L= 256 bs=16  loss 0.2756  (0.21s/it)
  iter 2880  L= 256 bs=16  loss 0.2595  (0.21s/it)
  iter 2890  L= 768 bs=5  loss 0.1568  (0.21s/it)
  iter 2900  L= 768 bs=5  loss 0.9171  (0.21s/it)
  iter 2910  L=1024 bs=4  loss 0.0006  (0.21s/it)
  iter 2920  L= 768 bs=5  loss 0.8276  (0.21s/it)
  iter 2930  L=1024 bs=4  loss 0.2541  (0.21s/it)
  iter 2940  L=1024 bs=4  loss 0.5284  (0.21s/it)
  iter 2950  L= 256 bs=16  loss 0.5236  (0.21s/it)
  iter 2960  L= 768 bs=5  loss 0.2718  (0.21s/it)
  iter 2970  L= 768 bs=5  loss 0.4116  (0.21s/it)
  iter 2980  L=1024 bs=4  loss 0.0009  (0.21s/it)
  iter 2990  L= 256 bs=16  loss 0.0268  (0.21s/it)
  iter 3000  L=1024 bs=4  loss 0.1406  (0.21s/it)
  iter 3010  L=1024 bs=4  loss 0.0001  (0.21s/it)
  iter 3020  L= 768 bs=5  loss 1.2095  (0.21s/it)
  iter 3030  L= 768 bs=5  loss 0.4776  (0.21s/it)
  iter 3040  L= 768 bs=5  loss 0.0365  (0.21s/it)
  iter 3050  L=1024 bs=4  loss 0.0847  (0.21s/it)
  iter 3060  L= 768 bs=5  loss 0.3203  (0.21s/it)
  iter 3070  L=1024 bs=4  loss 0.2582  (0.21s/it)
  iter 3080  L= 512 bs=8  loss 0.4722  (0.21s/it)
  iter 3090  L= 256 bs=16  loss 0.5382  (0.21s/it)
  iter 3100  L=1024 bs=4  loss 0.5869  (0.21s/it)
  iter 3110  L=1024 bs=4  loss 0.3887  (0.21s/it)
  iter 3120  L= 512 bs=8  loss 0.2053  (0.21s/it)
  iter 3130  L= 768 bs=5  loss 0.2735  (0.21s/it)
  iter 3140  L= 512 bs=8  loss 0.6355  (0.21s/it)
  iter 3150  L= 768 bs=5  loss 1.4118  (0.21s/it)
  iter 3160  L= 512 bs=8  loss 0.1314  (0.21s/it)
  iter 3170  L= 512 bs=8  loss 0.5185  (0.21s/it)
  iter 3180  L= 768 bs=5  loss 0.6793  (0.21s/it)
  iter 3190  L= 256 bs=16  loss 0.6072  (0.21s/it)
  iter 3200  L= 256 bs=16  loss 0.3031  (0.21s/it)
  iter 3210  L= 768 bs=5  loss 0.1959  (0.21s/it)
  iter 3220  L= 768 bs=5  loss 0.1814  (0.21s/it)
  iter 3230  L=1024 bs=4  loss 0.0062  (0.21s/it)
  iter 3240  L= 256 bs=16  loss 0.1561  (0.21s/it)
  iter 3250  L= 768 bs=5  loss 0.0322  (0.21s/it)
  iter 3260  L= 512 bs=8  loss 0.3716  (0.21s/it)
  iter 3270  L= 512 bs=8  loss 0.4508  (0.21s/it)
  iter 3280  L= 768 bs=5  loss 0.9354  (0.21s/it)
  iter 3290  L= 768 bs=5  loss 0.0657  (0.21s/it)
  iter 3300  L=1024 bs=4  loss 0.2505  (0.21s/it)
  iter 3310  L= 256 bs=16  loss 0.1253  (0.21s/it)
  iter 3320  L= 512 bs=8  loss 0.1506  (0.21s/it)
  iter 3330  L= 512 bs=8  loss 0.3271  (0.21s/it)
  iter 3340  L= 768 bs=5  loss 0.0005  (0.21s/it)
  iter 3350  L=1024 bs=4  loss 1.2232  (0.21s/it)
  iter 3360  L=1024 bs=4  loss 0.2827  (0.21s/it)
  iter 3370  L= 256 bs=16  loss 0.3393  (0.21s/it)
  iter 3380  L= 768 bs=5  loss 1.4813  (0.21s/it)
  iter 3390  L=1024 bs=4  loss 0.1715  (0.21s/it)
  iter 3400  L= 768 bs=5  loss 1.6314  (0.21s/it)
  iter 3410  L= 768 bs=5  loss 0.0063  (0.21s/it)
  iter 3420  L= 256 bs=16  loss 0.5550  (0.21s/it)
  iter 3430  L= 512 bs=8  loss 0.1589  (0.21s/it)
  iter 3440  L= 768 bs=5  loss 0.8411  (0.21s/it)
  iter 3450  L= 512 bs=8  loss 0.2784  (0.21s/it)
  iter 3460  L= 256 bs=16  loss 0.0824  (0.21s/it)
  iter 3470  L= 768 bs=5  loss 0.2197  (0.21s/it)
  iter 3480  L= 768 bs=5  loss 0.5956  (0.21s/it)
  iter 3490  L= 768 bs=5  loss 0.4700  (0.21s/it)
  iter 3500  L= 512 bs=8  loss 0.0730  (0.21s/it)
  iter 3510  L=1024 bs=4  loss 0.2045  (0.21s/it)
  iter 3520  L= 512 bs=8  loss 0.2536  (0.21s/it)
  iter 3530  L= 512 bs=8  loss 0.2284  (0.21s/it)
  iter 3540  L= 768 bs=5  loss 0.5002  (0.21s/it)
  iter 3550  L= 256 bs=16  loss 0.1367  (0.21s/it)
  iter 3560  L= 512 bs=8  loss 0.9741  (0.21s/it)
  iter 3570  L=1024 bs=4  loss 0.0888  (0.21s/it)
  iter 3580  L=1024 bs=4  loss 0.0105  (0.21s/it)
  iter 3590  L= 768 bs=5  loss 0.1487  (0.21s/it)
  iter 3600  L= 512 bs=8  loss 0.3019  (0.21s/it)
  iter 3610  L=1024 bs=4  loss 0.9383  (0.21s/it)
  iter 3620  L= 768 bs=5  loss 0.0003  (0.21s/it)
  iter 3630  L= 256 bs=16  loss 0.2051  (0.21s/it)
  iter 3640  L= 512 bs=8  loss 0.4331  (0.21s/it)
  iter 3650  L= 768 bs=5  loss 0.7952  (0.21s/it)
  iter 3660  L= 256 bs=16  loss 0.1579  (0.21s/it)
  iter 3670  L=1024 bs=4  loss 0.1734  (0.21s/it)
  iter 3680  L= 768 bs=5  loss 0.5217  (0.21s/it)
  iter 3690  L=1024 bs=4  loss 0.0004  (0.21s/it)
  iter 3700  L=1024 bs=4  loss 0.6222  (0.21s/it)
  iter 3710  L=1024 bs=4  loss 0.8943  (0.21s/it)
  iter 3720  L=1024 bs=4  loss 0.0538  (0.21s/it)
  iter 3730  L= 512 bs=8  loss 0.3085  (0.21s/it)
  iter 3740  L= 256 bs=16  loss 0.4225  (0.21s/it)
  iter 3750  L= 512 bs=8  loss 0.0146  (0.21s/it)
  iter 3760  L= 512 bs=8  loss 0.4970  (0.21s/it)
  iter 3770  L= 256 bs=16  loss 0.0254  (0.21s/it)
  iter 3780  L=1024 bs=4  loss 0.0106  (0.21s/it)
  iter 3790  L= 768 bs=5  loss 0.4667  (0.21s/it)
  iter 3800  L= 256 bs=16  loss 0.3346  (0.21s/it)
  iter 3810  L= 768 bs=5  loss 0.0510  (0.21s/it)
  iter 3820  L=1024 bs=4  loss 0.0001  (0.21s/it)
  iter 3830  L=1024 bs=4  loss 0.1121  (0.21s/it)
  iter 3840  L= 256 bs=16  loss 0.0463  (0.21s/it)
  iter 3850  L= 256 bs=16  loss 0.5778  (0.21s/it)
  iter 3860  L=1024 bs=4  loss 0.1576  (0.21s/it)
  iter 3870  L= 768 bs=5  loss 0.1813  (0.21s/it)
  iter 3880  L= 768 bs=5  loss 0.0192  (0.21s/it)
  iter 3890  L= 768 bs=5  loss 0.1321  (0.21s/it)
  iter 3900  L= 512 bs=8  loss 0.0351  (0.21s/it)
  iter 3910  L= 256 bs=16  loss 0.4983  (0.21s/it)
  iter 3920  L=1024 bs=4  loss 1.2478  (0.21s/it)
  iter 3930  L=1024 bs=4  loss 0.0035  (0.21s/it)
  iter 3940  L= 768 bs=5  loss 0.8750  (0.21s/it)
  iter 3950  L= 512 bs=8  loss 0.0022  (0.21s/it)
  iter 3960  L= 256 bs=16  loss 0.4563  (0.21s/it)
  iter 3970  L= 768 bs=5  loss 0.0138  (0.21s/it)
  iter 3980  L=1024 bs=4  loss 1.2749  (0.21s/it)
  iter 3990  L= 512 bs=8  loss 0.5914  (0.21s/it)
  iter 4000  L= 512 bs=8  loss 0.2110  (0.21s/it)
  iter 4010  L=1024 bs=4  loss 0.1330  (0.21s/it)
  iter 4020  L= 768 bs=5  loss 0.0040  (0.21s/it)
  iter 4030  L= 768 bs=5  loss 0.6473  (0.21s/it)
  iter 4040  L=1024 bs=4  loss 0.1790  (0.21s/it)
  iter 4050  L= 768 bs=5  loss 0.7699  (0.21s/it)
  iter 4060  L= 256 bs=16  loss 0.5206  (0.21s/it)
  iter 4070  L= 256 bs=16  loss 0.2133  (0.21s/it)
  iter 4080  L= 256 bs=16  loss 0.0894  (0.21s/it)
  iter 4090  L= 512 bs=8  loss 0.2035  (0.21s/it)
  iter 4100  L=1024 bs=4  loss 0.0126  (0.21s/it)
  iter 4110  L=1024 bs=4  loss 0.0101  (0.21s/it)
  iter 4120  L= 512 bs=8  loss 0.0152  (0.21s/it)
  iter 4130  L= 768 bs=5  loss 0.5448  (0.21s/it)
  iter 4140  L= 768 bs=5  loss 0.0179  (0.21s/it)
  iter 4150  L= 768 bs=5  loss 0.0313  (0.21s/it)
  iter 4160  L= 768 bs=5  loss 0.0508  (0.21s/it)
  iter 4170  L= 512 bs=8  loss 0.2736  (0.21s/it)
  iter 4180  L=1024 bs=4  loss 0.3733  (0.21s/it)
  iter 4190  L= 256 bs=16  loss 0.3206  (0.21s/it)
  iter 4200  L=1024 bs=4  loss 0.0880  (0.21s/it)
  iter 4210  L= 256 bs=16  loss 0.0240  (0.21s/it)
  iter 4220  L=1024 bs=4  loss 0.0020  (0.21s/it)
  iter 4230  L= 512 bs=8  loss 0.3533  (0.21s/it)
  iter 4240  L= 768 bs=5  loss 1.0929  (0.21s/it)
  iter 4250  L= 256 bs=16  loss 0.5450  (0.21s/it)
  iter 4260  L=1024 bs=4  loss 0.2208  (0.21s/it)
  iter 4270  L= 512 bs=8  loss 0.6974  (0.21s/it)
  iter 4280  L=1024 bs=4  loss 0.2803  (0.21s/it)
  iter 4290  L=1024 bs=4  loss 0.1325  (0.21s/it)
  iter 4300  L= 256 bs=16  loss 0.1044  (0.21s/it)
  iter 4310  L= 512 bs=8  loss 0.1277  (0.21s/it)
  iter 4320  L= 256 bs=16  loss 0.2332  (0.21s/it)
  iter 4330  L= 512 bs=8  loss 0.0175  (0.21s/it)
  iter 4340  L= 256 bs=16  loss 0.1837  (0.21s/it)
  iter 4350  L=1024 bs=4  loss 0.4925  (0.21s/it)
  iter 4360  L= 256 bs=16  loss 0.2639  (0.21s/it)
  iter 4370  L= 512 bs=8  loss 0.4131  (0.21s/it)
  iter 4380  L= 256 bs=16  loss 0.1245  (0.21s/it)
  iter 4390  L= 768 bs=5  loss 0.2631  (0.21s/it)
  iter 4400  L= 512 bs=8  loss 0.0584  (0.21s/it)
  iter 4410  L= 768 bs=5  loss 0.2286  (0.21s/it)
  iter 4420  L= 256 bs=16  loss 0.2459  (0.21s/it)
  iter 4430  L= 256 bs=16  loss 0.2970  (0.21s/it)
  iter 4440  L= 512 bs=8  loss 0.2567  (0.21s/it)
  iter 4450  L= 512 bs=8  loss 0.0687  (0.21s/it)
  iter 4460  L= 512 bs=8  loss 0.3818  (0.21s/it)
  iter 4470  L= 256 bs=16  loss 0.1709  (0.21s/it)
  iter 4480  L= 256 bs=16  loss 0.1723  (0.21s/it)
  iter 4490  L= 512 bs=8  loss 0.0118  (0.21s/it)
  iter 4500  L= 256 bs=16  loss 0.1999  (0.21s/it)
  iter 4510  L= 512 bs=8  loss 0.3698  (0.21s/it)
  iter 4520  L=1024 bs=4  loss 0.3613  (0.21s/it)
  iter 4530  L= 768 bs=5  loss 0.6073  (0.21s/it)
  iter 4540  L= 256 bs=16  loss 0.2210  (0.21s/it)
  iter 4550  L= 768 bs=5  loss 0.0069  (0.21s/it)
  iter 4560  L= 256 bs=16  loss 0.0879  (0.21s/it)
  iter 4570  L= 256 bs=16  loss 0.4507  (0.21s/it)
  iter 4580  L= 512 bs=8  loss 0.3328  (0.21s/it)
  iter 4590  L=1024 bs=4  loss 0.1188  (0.21s/it)
  iter 4600  L=1024 bs=4  loss 0.0001  (0.21s/it)
  iter 4610  L= 768 bs=5  loss 1.1341  (0.21s/it)
  iter 4620  L= 256 bs=16  loss 0.2110  (0.21s/it)
  iter 4630  L= 512 bs=8  loss 0.1665  (0.21s/it)
  iter 4640  L=1024 bs=4  loss 0.0020  (0.21s/it)
  iter 4650  L= 256 bs=16  loss 0.3289  (0.21s/it)
  iter 4660  L= 512 bs=8  loss 0.3481  (0.21s/it)
  iter 4670  L=1024 bs=4  loss 0.2885  (0.21s/it)
  iter 4680  L=1024 bs=4  loss 0.0257  (0.21s/it)
  iter 4690  L= 768 bs=5  loss 0.3782  (0.21s/it)
  iter 4700  L=1024 bs=4  loss 0.0004  (0.21s/it)
  iter 4710  L= 256 bs=16  loss 0.4349  (0.21s/it)
  iter 4720  L=1024 bs=4  loss 0.0044  (0.21s/it)
  iter 4730  L= 768 bs=5  loss 0.0211  (0.21s/it)
  iter 4740  L= 768 bs=5  loss 0.4845  (0.21s/it)
  iter 4750  L= 768 bs=5  loss 1.6533  (0.21s/it)
  iter 4760  L= 512 bs=8  loss 0.6947  (0.21s/it)
  iter 4770  L= 256 bs=16  loss 0.4410  (0.21s/it)
  iter 4780  L=1024 bs=4  loss 0.0113  (0.21s/it)
  iter 4790  L= 512 bs=8  loss 0.0067  (0.21s/it)
  iter 4800  L= 256 bs=16  loss 0.1360  (0.21s/it)
  iter 4810  L= 512 bs=8  loss 0.3524  (0.21s/it)
  iter 4820  L= 768 bs=5  loss 0.3158  (0.21s/it)
  iter 4830  L=1024 bs=4  loss 0.9797  (0.21s/it)
  iter 4840  L=1024 bs=4  loss 0.4771  (0.21s/it)
  iter 4850  L= 768 bs=5  loss 0.2961  (0.21s/it)
  iter 4860  L= 512 bs=8  loss 0.1500  (0.21s/it)
  iter 4870  L= 256 bs=16  loss 0.4226  (0.21s/it)
  iter 4880  L= 512 bs=8  loss 0.0206  (0.21s/it)
  iter 4890  L= 768 bs=5  loss 0.6381  (0.21s/it)
  iter 4900  L= 256 bs=16  loss 0.7123  (0.21s/it)
  iter 4910  L=1024 bs=4  loss 0.2534  (0.21s/it)
  iter 4920  L= 256 bs=16  loss 0.1085  (0.21s/it)
  iter 4930  L= 256 bs=16  loss 0.0165  (0.21s/it)
  iter 4940  L=1024 bs=4  loss 0.0149  (0.21s/it)
  iter 4950  L= 768 bs=5  loss 0.4505  (0.21s/it)
  iter 4960  L= 256 bs=16  loss 0.2169  (0.21s/it)
  iter 4970  L= 768 bs=5  loss 0.4175  (0.21s/it)
  iter 4980  L= 256 bs=16  loss 0.4127  (0.21s/it)
  iter 4990  L= 256 bs=16  loss 1.0286  (0.21s/it)
  iter 5000  L= 256 bs=16  loss 0.2847  (0.21s/it)
Passkey accuracy after fine-tuning (cross_shift_c=0.0):
  ctx=   512  exact=0.96  first_token=1.00
  ctx=  1024  exact=0.96  first_token=1.00
  ctx=  2048  exact=0.96  first_token=0.99
  ctx=  4096  exact=0.94  first_token=1.00
  ctx=  8192  exact=0.86  first_token=0.96
  ctx= 16384  exact=0.47  first_token=0.71
Passkey accuracy after fine-tuning (cross_shift_c=1.0):
  ctx=   512  exact=0.96  first_token=1.00
  ctx=  1024  exact=0.96  first_token=1.00
  ctx=  2048  exact=0.96  first_token=0.99
  ctx=  4096  exact=0.95  first_token=1.00
  ctx=  8192  exact=0.92  first_token=0.99
  ctx= 16384  exact=0.96  first_token=1.00
########## Jm s2
number of parameters: 63.65M
Model type: Jm | params 63,648,768 | delimiter 764 | device cuda
Fine-tuning for 5000 iters on lengths [256, 512, 768, 1024]:
  iter    1  L=1024 bs=4  loss 5.9424  (0.71s/it)
  iter   10  L= 256 bs=16  loss 1.0432  (0.27s/it)
  iter   20  L= 512 bs=8  loss 1.3161  (0.25s/it)
  iter   30  L=1024 bs=4  loss 1.8733  (0.24s/it)
  iter   40  L= 256 bs=16  loss 1.8608  (0.23s/it)
  iter   50  L=1024 bs=4  loss 2.0827  (0.23s/it)
  iter   60  L=1024 bs=4  loss 0.3448  (0.23s/it)
  iter   70  L=1024 bs=4  loss 1.0839  (0.23s/it)
  iter   80  L= 256 bs=16  loss 1.6337  (0.23s/it)
  iter   90  L=1024 bs=4  loss 0.5914  (0.23s/it)
  iter  100  L= 256 bs=16  loss 0.7014  (0.23s/it)
  iter  110  L= 768 bs=5  loss 2.1557  (0.23s/it)
  iter  120  L= 256 bs=16  loss 1.2313  (0.22s/it)
  iter  130  L= 256 bs=16  loss 1.1421  (0.22s/it)
  iter  140  L= 512 bs=8  loss 0.5462  (0.22s/it)
  iter  150  L= 512 bs=8  loss 1.3480  (0.22s/it)
  iter  160  L=1024 bs=4  loss 1.3293  (0.22s/it)
  iter  170  L= 768 bs=5  loss 3.7371  (0.22s/it)
  iter  180  L= 512 bs=8  loss 1.1366  (0.22s/it)
  iter  190  L= 512 bs=8  loss 1.0312  (0.22s/it)
  iter  200  L= 256 bs=16  loss 0.8497  (0.22s/it)
  iter  210  L= 768 bs=5  loss 0.5140  (0.22s/it)
  iter  220  L= 256 bs=16  loss 1.4705  (0.22s/it)
  iter  230  L= 768 bs=5  loss 1.0278  (0.22s/it)
  iter  240  L= 512 bs=8  loss 1.1219  (0.22s/it)
  iter  250  L= 768 bs=5  loss 1.4184  (0.22s/it)
  iter  260  L= 256 bs=16  loss 0.7496  (0.22s/it)
  iter  270  L= 768 bs=5  loss 0.8413  (0.22s/it)
  iter  280  L=1024 bs=4  loss 0.9064  (0.22s/it)
  iter  290  L= 256 bs=16  loss 1.5166  (0.22s/it)
  iter  300  L= 256 bs=16  loss 1.5854  (0.22s/it)
  iter  310  L= 512 bs=8  loss 0.3480  (0.22s/it)
  iter  320  L= 512 bs=8  loss 1.2161  (0.22s/it)
  iter  330  L=1024 bs=4  loss 0.9477  (0.22s/it)
  iter  340  L= 512 bs=8  loss 1.0124  (0.22s/it)
  iter  350  L= 512 bs=8  loss 0.2755  (0.22s/it)
  iter  360  L= 768 bs=5  loss 0.8265  (0.22s/it)
  iter  370  L= 512 bs=8  loss 1.1843  (0.22s/it)
  iter  380  L= 768 bs=5  loss 1.4945  (0.22s/it)
  iter  390  L= 768 bs=5  loss 0.6206  (0.22s/it)
  iter  400  L= 256 bs=16  loss 0.4546  (0.22s/it)
  iter  410  L= 256 bs=16  loss 0.3894  (0.22s/it)
  iter  420  L= 512 bs=8  loss 0.6286  (0.22s/it)
  iter  430  L=1024 bs=4  loss 1.5243  (0.22s/it)
  iter  440  L=1024 bs=4  loss 0.5738  (0.22s/it)
  iter  450  L= 512 bs=8  loss 1.6177  (0.22s/it)
  iter  460  L= 256 bs=16  loss 0.7912  (0.22s/it)
  iter  470  L= 768 bs=5  loss 0.4506  (0.22s/it)
  iter  480  L= 768 bs=5  loss 0.0418  (0.22s/it)
  iter  490  L= 512 bs=8  loss 0.9040  (0.22s/it)
  iter  500  L=1024 bs=4  loss 0.9735  (0.22s/it)
  iter  510  L= 256 bs=16  loss 1.0999  (0.22s/it)
  iter  520  L= 512 bs=8  loss 0.7673  (0.22s/it)
  iter  530  L= 512 bs=8  loss 0.2561  (0.22s/it)
  iter  540  L= 768 bs=5  loss 0.1861  (0.22s/it)
  iter  550  L= 256 bs=16  loss 1.0129  (0.22s/it)
  iter  560  L= 256 bs=16  loss 1.0102  (0.22s/it)
  iter  570  L=1024 bs=4  loss 0.3757  (0.22s/it)
  iter  580  L= 768 bs=5  loss 0.9138  (0.22s/it)
  iter  590  L=1024 bs=4  loss 1.5374  (0.22s/it)
  iter  600  L= 768 bs=5  loss 1.9000  (0.22s/it)
  iter  610  L= 512 bs=8  loss 1.2812  (0.22s/it)
  iter  620  L= 512 bs=8  loss 1.4545  (0.22s/it)
  iter  630  L=1024 bs=4  loss 1.9933  (0.22s/it)
  iter  640  L= 768 bs=5  loss 1.5293  (0.22s/it)
  iter  650  L= 512 bs=8  loss 0.1487  (0.22s/it)
  iter  660  L= 768 bs=5  loss 0.7728  (0.22s/it)
  iter  670  L= 256 bs=16  loss 0.5536  (0.22s/it)
  iter  680  L= 512 bs=8  loss 1.3284  (0.22s/it)
  iter  690  L= 256 bs=16  loss 0.7273  (0.22s/it)
  iter  700  L= 512 bs=8  loss 1.5452  (0.22s/it)
  iter  710  L=1024 bs=4  loss 1.3014  (0.22s/it)
  iter  720  L= 768 bs=5  loss 1.1098  (0.22s/it)
  iter  730  L= 256 bs=16  loss 0.5041  (0.22s/it)
  iter  740  L=1024 bs=4  loss 0.0526  (0.22s/it)
  iter  750  L= 512 bs=8  loss 0.2840  (0.22s/it)
  iter  760  L= 256 bs=16  loss 0.9381  (0.22s/it)
  iter  770  L= 512 bs=8  loss 1.5409  (0.22s/it)
  iter  780  L=1024 bs=4  loss 0.2651  (0.22s/it)
  iter  790  L= 768 bs=5  loss 2.3143  (0.22s/it)
  iter  800  L= 256 bs=16  loss 0.8246  (0.22s/it)
  iter  810  L= 512 bs=8  loss 1.4345  (0.22s/it)
  iter  820  L=1024 bs=4  loss 0.4974  (0.22s/it)
  iter  830  L=1024 bs=4  loss 0.0091  (0.22s/it)
  iter  840  L=1024 bs=4  loss 0.2012  (0.22s/it)
  iter  850  L= 768 bs=5  loss 0.7278  (0.22s/it)
  iter  860  L= 512 bs=8  loss 1.3234  (0.22s/it)
  iter  870  L=1024 bs=4  loss 1.1189  (0.22s/it)
  iter  880  L= 256 bs=16  loss 0.9214  (0.22s/it)
  iter  890  L= 256 bs=16  loss 1.0618  (0.22s/it)
  iter  900  L= 768 bs=5  loss 0.6948  (0.22s/it)
  iter  910  L= 256 bs=16  loss 0.4971  (0.22s/it)
  iter  920  L=1024 bs=4  loss 0.6256  (0.22s/it)
  iter  930  L= 512 bs=8  loss 1.4528  (0.22s/it)
  iter  940  L= 256 bs=16  loss 0.5672  (0.22s/it)
  iter  950  L= 256 bs=16  loss 0.7655  (0.22s/it)
  iter  960  L= 512 bs=8  loss 0.6508  (0.22s/it)
  iter  970  L= 768 bs=5  loss 0.3378  (0.22s/it)
  iter  980  L= 256 bs=16  loss 0.5375  (0.22s/it)
  iter  990  L= 512 bs=8  loss 1.1129  (0.22s/it)
  iter 1000  L= 512 bs=8  loss 0.2592  (0.22s/it)
  iter 1010  L=1024 bs=4  loss 1.1530  (0.22s/it)
  iter 1020  L= 512 bs=8  loss 0.6533  (0.22s/it)
  iter 1030  L= 256 bs=16  loss 0.7679  (0.22s/it)
  iter 1040  L= 768 bs=5  loss 1.0653  (0.22s/it)
  iter 1050  L=1024 bs=4  loss 0.2165  (0.22s/it)
  iter 1060  L= 512 bs=8  loss 0.5617  (0.22s/it)
  iter 1070  L=1024 bs=4  loss 0.6837  (0.22s/it)
  iter 1080  L= 768 bs=5  loss 0.7985  (0.22s/it)
  iter 1090  L= 512 bs=8  loss 0.3534  (0.22s/it)
  iter 1100  L= 512 bs=8  loss 0.7964  (0.22s/it)
  iter 1110  L=1024 bs=4  loss 1.1737  (0.22s/it)
  iter 1120  L= 256 bs=16  loss 1.2205  (0.22s/it)
  iter 1130  L= 768 bs=5  loss 1.0159  (0.22s/it)
  iter 1140  L= 768 bs=5  loss 1.1639  (0.22s/it)
  iter 1150  L= 768 bs=5  loss 1.2612  (0.22s/it)
  iter 1160  L=1024 bs=4  loss 0.5249  (0.22s/it)
  iter 1170  L=1024 bs=4  loss 0.0036  (0.22s/it)
  iter 1180  L= 512 bs=8  loss 0.7412  (0.22s/it)
  iter 1190  L= 256 bs=16  loss 0.2039  (0.22s/it)
  iter 1200  L= 512 bs=8  loss 0.2071  (0.22s/it)
  iter 1210  L= 768 bs=5  loss 0.7453  (0.22s/it)
  iter 1220  L= 256 bs=16  loss 0.4730  (0.22s/it)
  iter 1230  L= 256 bs=16  loss 0.2121  (0.22s/it)
  iter 1240  L= 512 bs=8  loss 0.9970  (0.22s/it)
  iter 1250  L= 256 bs=16  loss 0.2783  (0.22s/it)
  iter 1260  L= 512 bs=8  loss 0.6018  (0.22s/it)
  iter 1270  L= 256 bs=16  loss 0.7433  (0.22s/it)
  iter 1280  L= 256 bs=16  loss 1.1585  (0.22s/it)
  iter 1290  L= 512 bs=8  loss 1.1729  (0.22s/it)
  iter 1300  L= 512 bs=8  loss 0.8891  (0.22s/it)
  iter 1310  L= 256 bs=16  loss 0.4091  (0.22s/it)
  iter 1320  L=1024 bs=4  loss 1.6883  (0.22s/it)
  iter 1330  L= 512 bs=8  loss 0.4053  (0.22s/it)
  iter 1340  L= 256 bs=16  loss 0.6371  (0.22s/it)
  iter 1350  L= 512 bs=8  loss 0.6187  (0.22s/it)
  iter 1360  L= 256 bs=16  loss 0.9572  (0.22s/it)
  iter 1370  L=1024 bs=4  loss 0.4865  (0.22s/it)
  iter 1380  L= 512 bs=8  loss 0.2633  (0.22s/it)
  iter 1390  L=1024 bs=4  loss 0.0341  (0.22s/it)
  iter 1400  L=1024 bs=4  loss 0.0943  (0.22s/it)
  iter 1410  L=1024 bs=4  loss 0.5301  (0.22s/it)
  iter 1420  L= 256 bs=16  loss 0.9285  (0.22s/it)
  iter 1430  L=1024 bs=4  loss 0.0001  (0.22s/it)
  iter 1440  L=1024 bs=4  loss 0.0950  (0.22s/it)
  iter 1450  L= 512 bs=8  loss 1.0631  (0.22s/it)
  iter 1460  L= 256 bs=16  loss 0.3579  (0.22s/it)
  iter 1470  L=1024 bs=4  loss 0.3996  (0.22s/it)
  iter 1480  L= 512 bs=8  loss 0.4632  (0.22s/it)
  iter 1490  L=1024 bs=4  loss 0.9215  (0.22s/it)
  iter 1500  L= 512 bs=8  loss 0.4459  (0.22s/it)
  iter 1510  L= 512 bs=8  loss 0.4444  (0.22s/it)
  iter 1520  L=1024 bs=4  loss 0.9688  (0.22s/it)
  iter 1530  L= 256 bs=16  loss 0.1043  (0.22s/it)
  iter 1540  L=1024 bs=4  loss 0.2366  (0.22s/it)
  iter 1550  L=1024 bs=4  loss 0.1940  (0.22s/it)
  iter 1560  L= 256 bs=16  loss 1.2707  (0.22s/it)
  iter 1570  L= 768 bs=5  loss 0.6665  (0.22s/it)
  iter 1580  L=1024 bs=4  loss 0.8202  (0.22s/it)
  iter 1590  L= 256 bs=16  loss 0.2927  (0.22s/it)
  iter 1600  L= 768 bs=5  loss 0.0383  (0.22s/it)
  iter 1610  L= 512 bs=8  loss 1.4096  (0.22s/it)
  iter 1620  L=1024 bs=4  loss 0.9153  (0.22s/it)
  iter 1630  L=1024 bs=4  loss 0.5964  (0.22s/it)
  iter 1640  L= 512 bs=8  loss 0.4761  (0.22s/it)
  iter 1650  L= 512 bs=8  loss 0.6508  (0.22s/it)
  iter 1660  L=1024 bs=4  loss 1.2928  (0.22s/it)
  iter 1670  L= 768 bs=5  loss 0.5761  (0.22s/it)
  iter 1680  L= 256 bs=16  loss 0.2921  (0.22s/it)
  iter 1690  L=1024 bs=4  loss 1.4165  (0.22s/it)
  iter 1700  L= 256 bs=16  loss 0.4159  (0.22s/it)
  iter 1710  L= 256 bs=16  loss 0.7541  (0.22s/it)
  iter 1720  L= 256 bs=16  loss 0.7854  (0.22s/it)
  iter 1730  L=1024 bs=4  loss 0.8376  (0.22s/it)
  iter 1740  L= 512 bs=8  loss 0.0777  (0.22s/it)
  iter 1750  L= 768 bs=5  loss 0.8818  (0.22s/it)
  iter 1760  L= 512 bs=8  loss 0.3164  (0.22s/it)
  iter 1770  L= 512 bs=8  loss 0.9630  (0.22s/it)
  iter 1780  L=1024 bs=4  loss 1.1853  (0.22s/it)
  iter 1790  L= 512 bs=8  loss 1.3630  (0.22s/it)
  iter 1800  L= 512 bs=8  loss 1.0035  (0.22s/it)
  iter 1810  L=1024 bs=4  loss 0.0173  (0.22s/it)
  iter 1820  L= 512 bs=8  loss 1.2165  (0.22s/it)
  iter 1830  L= 768 bs=5  loss 1.1185  (0.22s/it)
  iter 1840  L=1024 bs=4  loss 0.4523  (0.22s/it)
  iter 1850  L= 256 bs=16  loss 0.3352  (0.22s/it)
  iter 1860  L= 768 bs=5  loss 0.2986  (0.22s/it)
  iter 1870  L= 256 bs=16  loss 0.2358  (0.22s/it)
  iter 1880  L=1024 bs=4  loss 0.0100  (0.22s/it)
  iter 1890  L= 512 bs=8  loss 0.3764  (0.22s/it)
  iter 1900  L= 256 bs=16  loss 0.6099  (0.22s/it)
  iter 1910  L= 768 bs=5  loss 0.0193  (0.22s/it)
  iter 1920  L= 768 bs=5  loss 1.3034  (0.22s/it)
  iter 1930  L=1024 bs=4  loss 0.5722  (0.22s/it)
  iter 1940  L=1024 bs=4  loss 0.9251  (0.22s/it)
  iter 1950  L=1024 bs=4  loss 0.3304  (0.22s/it)
  iter 1960  L=1024 bs=4  loss 0.0008  (0.22s/it)
  iter 1970  L= 256 bs=16  loss 0.7095  (0.22s/it)
  iter 1980  L=1024 bs=4  loss 0.0006  (0.22s/it)
  iter 1990  L= 512 bs=8  loss 0.5674  (0.22s/it)
  iter 2000  L= 256 bs=16  loss 0.3536  (0.22s/it)
  iter 2010  L= 256 bs=16  loss 0.6427  (0.22s/it)
  iter 2020  L=1024 bs=4  loss 0.4014  (0.22s/it)
  iter 2030  L=1024 bs=4  loss 0.7011  (0.22s/it)
  iter 2040  L= 512 bs=8  loss 0.1986  (0.22s/it)
  iter 2050  L= 512 bs=8  loss 0.4437  (0.22s/it)
  iter 2060  L= 512 bs=8  loss 0.5020  (0.22s/it)
  iter 2070  L= 512 bs=8  loss 0.0029  (0.22s/it)
  iter 2080  L= 512 bs=8  loss 0.1487  (0.22s/it)
  iter 2090  L=1024 bs=4  loss 1.0437  (0.22s/it)
  iter 2100  L=1024 bs=4  loss 1.0131  (0.22s/it)
  iter 2110  L= 256 bs=16  loss 0.4932  (0.22s/it)
  iter 2120  L= 256 bs=16  loss 0.3505  (0.22s/it)
  iter 2130  L=1024 bs=4  loss 0.6252  (0.22s/it)
  iter 2140  L= 768 bs=5  loss 0.9616  (0.22s/it)
  iter 2150  L= 512 bs=8  loss 0.2627  (0.22s/it)
  iter 2160  L= 512 bs=8  loss 0.3874  (0.22s/it)
  iter 2170  L= 768 bs=5  loss 0.3848  (0.22s/it)
  iter 2180  L= 512 bs=8  loss 0.7065  (0.22s/it)
  iter 2190  L=1024 bs=4  loss 0.0075  (0.22s/it)
  iter 2200  L= 512 bs=8  loss 0.4998  (0.22s/it)
  iter 2210  L= 256 bs=16  loss 0.2288  (0.22s/it)
  iter 2220  L= 256 bs=16  loss 0.5793  (0.22s/it)
  iter 2230  L= 512 bs=8  loss 0.0106  (0.22s/it)
  iter 2240  L= 512 bs=8  loss 0.3479  (0.22s/it)
  iter 2250  L=1024 bs=4  loss 0.0227  (0.22s/it)
  iter 2260  L= 512 bs=8  loss 0.2776  (0.22s/it)
  iter 2270  L= 256 bs=16  loss 0.0401  (0.22s/it)
  iter 2280  L= 512 bs=8  loss 0.0641  (0.22s/it)
  iter 2290  L=1024 bs=4  loss 0.1509  (0.22s/it)
  iter 2300  L= 512 bs=8  loss 0.0672  (0.22s/it)
  iter 2310  L= 256 bs=16  loss 0.2462  (0.22s/it)
  iter 2320  L=1024 bs=4  loss 0.0130  (0.22s/it)
  iter 2330  L= 512 bs=8  loss 0.3545  (0.22s/it)
  iter 2340  L=1024 bs=4  loss 0.5533  (0.22s/it)
  iter 2350  L=1024 bs=4  loss 0.7267  (0.22s/it)
  iter 2360  L= 256 bs=16  loss 0.3720  (0.22s/it)
  iter 2370  L=1024 bs=4  loss 0.0011  (0.22s/it)
  iter 2380  L= 256 bs=16  loss 0.4417  (0.22s/it)
  iter 2390  L= 512 bs=8  loss 0.9518  (0.22s/it)
  iter 2400  L= 512 bs=8  loss 0.4166  (0.22s/it)
  iter 2410  L= 256 bs=16  loss 0.0814  (0.22s/it)
  iter 2420  L= 512 bs=8  loss 0.2024  (0.22s/it)
  iter 2430  L= 768 bs=5  loss 0.6621  (0.22s/it)
  iter 2440  L= 768 bs=5  loss 1.3300  (0.22s/it)
  iter 2450  L=1024 bs=4  loss 0.5367  (0.22s/it)
  iter 2460  L= 256 bs=16  loss 0.2686  (0.22s/it)
  iter 2470  L= 512 bs=8  loss 0.4675  (0.22s/it)
  iter 2480  L= 256 bs=16  loss 0.4291  (0.22s/it)
  iter 2490  L= 256 bs=16  loss 0.4642  (0.22s/it)
  iter 2500  L= 512 bs=8  loss 0.0461  (0.22s/it)
  iter 2510  L= 768 bs=5  loss 0.6709  (0.22s/it)
  iter 2520  L=1024 bs=4  loss 0.0050  (0.22s/it)
  iter 2530  L= 768 bs=5  loss 0.4909  (0.22s/it)
  iter 2540  L= 768 bs=5  loss 0.0573  (0.22s/it)
  iter 2550  L= 512 bs=8  loss 0.5191  (0.22s/it)
  iter 2560  L= 768 bs=5  loss 0.8030  (0.22s/it)
  iter 2570  L=1024 bs=4  loss 0.0608  (0.22s/it)
  iter 2580  L= 512 bs=8  loss 0.3549  (0.22s/it)
  iter 2590  L=1024 bs=4  loss 0.1480  (0.22s/it)
  iter 2600  L= 256 bs=16  loss 0.4070  (0.22s/it)
  iter 2610  L=1024 bs=4  loss 0.4447  (0.22s/it)
  iter 2620  L= 256 bs=16  loss 0.3862  (0.22s/it)
  iter 2630  L= 256 bs=16  loss 0.3166  (0.22s/it)
  iter 2640  L= 512 bs=8  loss 0.0511  (0.22s/it)
  iter 2650  L= 256 bs=16  loss 0.3796  (0.22s/it)
  iter 2660  L= 512 bs=8  loss 0.0467  (0.22s/it)
  iter 2670  L= 256 bs=16  loss 0.1579  (0.22s/it)
  iter 2680  L= 768 bs=5  loss 0.0014  (0.22s/it)
  iter 2690  L= 512 bs=8  loss 1.1651  (0.22s/it)
  iter 2700  L= 768 bs=5  loss 0.0679  (0.22s/it)
  iter 2710  L= 256 bs=16  loss 0.2251  (0.22s/it)
  iter 2720  L= 256 bs=16  loss 0.7353  (0.22s/it)
  iter 2730  L= 768 bs=5  loss 0.7616  (0.22s/it)
  iter 2740  L= 256 bs=16  loss 0.3092  (0.22s/it)
  iter 2750  L= 512 bs=8  loss 0.5102  (0.22s/it)
  iter 2760  L= 512 bs=8  loss 0.7568  (0.22s/it)
  iter 2770  L=1024 bs=4  loss 0.7292  (0.22s/it)
  iter 2780  L=1024 bs=4  loss 1.2248  (0.22s/it)
  iter 2790  L= 512 bs=8  loss 0.6791  (0.22s/it)
  iter 2800  L=1024 bs=4  loss 0.4223  (0.22s/it)
  iter 2810  L= 256 bs=16  loss 0.1947  (0.22s/it)
  iter 2820  L= 256 bs=16  loss 0.4549  (0.22s/it)
  iter 2830  L= 256 bs=16  loss 0.3376  (0.22s/it)
  iter 2840  L= 768 bs=5  loss 0.3098  (0.22s/it)
  iter 2850  L= 256 bs=16  loss 0.4622  (0.22s/it)
  iter 2860  L= 512 bs=8  loss 0.6835  (0.22s/it)
  iter 2870  L= 256 bs=16  loss 0.2293  (0.22s/it)
  iter 2880  L= 256 bs=16  loss 0.2263  (0.22s/it)
  iter 2890  L= 768 bs=5  loss 0.1615  (0.22s/it)
  iter 2900  L= 768 bs=5  loss 0.8871  (0.22s/it)
  iter 2910  L=1024 bs=4  loss 0.0001  (0.22s/it)
  iter 2920  L= 768 bs=5  loss 0.7684  (0.22s/it)
  iter 2930  L=1024 bs=4  loss 0.2225  (0.22s/it)
  iter 2940  L=1024 bs=4  loss 0.3144  (0.22s/it)
  iter 2950  L= 256 bs=16  loss 0.4386  (0.22s/it)
  iter 2960  L= 768 bs=5  loss 0.1652  (0.22s/it)
  iter 2970  L= 768 bs=5  loss 0.3971  (0.22s/it)
  iter 2980  L=1024 bs=4  loss 0.0012  (0.22s/it)
  iter 2990  L= 256 bs=16  loss 0.0161  (0.22s/it)
  iter 3000  L=1024 bs=4  loss 0.0980  (0.22s/it)
  iter 3010  L=1024 bs=4  loss 0.0000  (0.22s/it)
  iter 3020  L= 768 bs=5  loss 0.8761  (0.22s/it)
  iter 3030  L= 768 bs=5  loss 0.4116  (0.22s/it)
  iter 3040  L= 768 bs=5  loss 0.0059  (0.22s/it)
  iter 3050  L=1024 bs=4  loss 0.0141  (0.22s/it)
  iter 3060  L= 768 bs=5  loss 0.1272  (0.22s/it)
  iter 3070  L=1024 bs=4  loss 0.0684  (0.22s/it)
  iter 3080  L= 512 bs=8  loss 0.3874  (0.22s/it)
  iter 3090  L= 256 bs=16  loss 0.3836  (0.22s/it)
  iter 3100  L=1024 bs=4  loss 0.7210  (0.22s/it)
  iter 3110  L=1024 bs=4  loss 0.0761  (0.22s/it)
  iter 3120  L= 512 bs=8  loss 0.1468  (0.22s/it)
  iter 3130  L= 768 bs=5  loss 0.2481  (0.22s/it)
  iter 3140  L= 512 bs=8  loss 0.5497  (0.22s/it)
  iter 3150  L= 768 bs=5  loss 1.1423  (0.22s/it)
  iter 3160  L= 512 bs=8  loss 0.0772  (0.22s/it)
  iter 3170  L= 512 bs=8  loss 0.4562  (0.22s/it)
  iter 3180  L= 768 bs=5  loss 0.5252  (0.22s/it)
  iter 3190  L= 256 bs=16  loss 0.5286  (0.22s/it)
  iter 3200  L= 256 bs=16  loss 0.2217  (0.22s/it)
  iter 3210  L= 768 bs=5  loss 0.1625  (0.22s/it)
  iter 3220  L= 768 bs=5  loss 0.0985  (0.22s/it)
  iter 3230  L=1024 bs=4  loss 0.0070  (0.22s/it)
  iter 3240  L= 256 bs=16  loss 0.1347  (0.22s/it)
  iter 3250  L= 768 bs=5  loss 0.0201  (0.22s/it)
  iter 3260  L= 512 bs=8  loss 0.1567  (0.22s/it)
  iter 3270  L= 512 bs=8  loss 0.2531  (0.22s/it)
  iter 3280  L= 768 bs=5  loss 0.5575  (0.22s/it)
  iter 3290  L= 768 bs=5  loss 0.0321  (0.22s/it)
  iter 3300  L=1024 bs=4  loss 0.2603  (0.22s/it)
  iter 3310  L= 256 bs=16  loss 0.0862  (0.22s/it)
  iter 3320  L= 512 bs=8  loss 0.1096  (0.22s/it)
  iter 3330  L= 512 bs=8  loss 0.2021  (0.22s/it)
  iter 3340  L= 768 bs=5  loss 0.0003  (0.22s/it)
  iter 3350  L=1024 bs=4  loss 1.0027  (0.22s/it)
  iter 3360  L=1024 bs=4  loss 0.2172  (0.22s/it)
  iter 3370  L= 256 bs=16  loss 0.2350  (0.22s/it)
  iter 3380  L= 768 bs=5  loss 1.2049  (0.22s/it)
  iter 3390  L=1024 bs=4  loss 0.0789  (0.22s/it)
  iter 3400  L= 768 bs=5  loss 1.1446  (0.22s/it)
  iter 3410  L= 768 bs=5  loss 0.0063  (0.22s/it)
  iter 3420  L= 256 bs=16  loss 0.5246  (0.22s/it)
  iter 3430  L= 512 bs=8  loss 0.1164  (0.22s/it)
  iter 3440  L= 768 bs=5  loss 0.7704  (0.22s/it)
  iter 3450  L= 512 bs=8  loss 0.2732  (0.22s/it)
  iter 3460  L= 256 bs=16  loss 0.0614  (0.22s/it)
  iter 3470  L= 768 bs=5  loss 0.1215  (0.22s/it)
  iter 3480  L= 768 bs=5  loss 0.3404  (0.22s/it)
  iter 3490  L= 768 bs=5  loss 0.3090  (0.22s/it)
  iter 3500  L= 512 bs=8  loss 0.0241  (0.22s/it)
  iter 3510  L=1024 bs=4  loss 0.0971  (0.22s/it)
  iter 3520  L= 512 bs=8  loss 0.2670  (0.22s/it)
  iter 3530  L= 512 bs=8  loss 0.0784  (0.22s/it)
  iter 3540  L= 768 bs=5  loss 0.1857  (0.22s/it)
  iter 3550  L= 256 bs=16  loss 0.0961  (0.22s/it)
  iter 3560  L= 512 bs=8  loss 0.6755  (0.22s/it)
  iter 3570  L=1024 bs=4  loss 0.0394  (0.22s/it)
  iter 3580  L=1024 bs=4  loss 0.0025  (0.22s/it)
  iter 3590  L= 768 bs=5  loss 0.0238  (0.22s/it)
  iter 3600  L= 512 bs=8  loss 0.2899  (0.22s/it)
  iter 3610  L=1024 bs=4  loss 0.9845  (0.22s/it)
  iter 3620  L= 768 bs=5  loss 0.0001  (0.22s/it)
  iter 3630  L= 256 bs=16  loss 0.2113  (0.22s/it)
  iter 3640  L= 512 bs=8  loss 0.4194  (0.22s/it)
  iter 3650  L= 768 bs=5  loss 0.7122  (0.22s/it)
  iter 3660  L= 256 bs=16  loss 0.2062  (0.22s/it)
  iter 3670  L=1024 bs=4  loss 0.2884  (0.22s/it)
  iter 3680  L= 768 bs=5  loss 0.5557  (0.22s/it)
  iter 3690  L=1024 bs=4  loss 0.0002  (0.22s/it)
  iter 3700  L=1024 bs=4  loss 0.4649  (0.22s/it)
  iter 3710  L=1024 bs=4  loss 0.7091  (0.22s/it)
  iter 3720  L=1024 bs=4  loss 1.4080  (0.22s/it)
  iter 3730  L= 512 bs=8  loss 0.3422  (0.22s/it)
  iter 3740  L= 256 bs=16  loss 0.3570  (0.22s/it)
  iter 3750  L= 512 bs=8  loss 0.0060  (0.22s/it)
  iter 3760  L= 512 bs=8  loss 0.4593  (0.22s/it)
  iter 3770  L= 256 bs=16  loss 0.0080  (0.22s/it)
  iter 3780  L=1024 bs=4  loss 0.0030  (0.22s/it)
  iter 3790  L= 768 bs=5  loss 0.4652  (0.22s/it)
  iter 3800  L= 256 bs=16  loss 0.2500  (0.22s/it)
  iter 3810  L= 768 bs=5  loss 0.0204  (0.22s/it)
  iter 3820  L=1024 bs=4  loss 0.0000  (0.22s/it)
  iter 3830  L=1024 bs=4  loss 0.0263  (0.22s/it)
  iter 3840  L= 256 bs=16  loss 0.0153  (0.22s/it)
  iter 3850  L= 256 bs=16  loss 0.4054  (0.22s/it)
  iter 3860  L=1024 bs=4  loss 0.0142  (0.22s/it)
  iter 3870  L= 768 bs=5  loss 0.0777  (0.22s/it)
  iter 3880  L= 768 bs=5  loss 0.0053  (0.22s/it)
  iter 3890  L= 768 bs=5  loss 0.0395  (0.22s/it)
  iter 3900  L= 512 bs=8  loss 0.0090  (0.22s/it)
  iter 3910  L= 256 bs=16  loss 0.4393  (0.22s/it)
  iter 3920  L=1024 bs=4  loss 1.0517  (0.22s/it)
  iter 3930  L=1024 bs=4  loss 0.0009  (0.22s/it)
  iter 3940  L= 768 bs=5  loss 0.9017  (0.22s/it)
  iter 3950  L= 512 bs=8  loss 0.0007  (0.22s/it)
  iter 3960  L= 256 bs=16  loss 0.3954  (0.22s/it)
  iter 3970  L= 768 bs=5  loss 0.0017  (0.22s/it)
  iter 3980  L=1024 bs=4  loss 0.9109  (0.22s/it)
  iter 3990  L= 512 bs=8  loss 0.4138  (0.22s/it)
  iter 4000  L= 512 bs=8  loss 0.1114  (0.22s/it)
  iter 4010  L=1024 bs=4  loss 0.0712  (0.22s/it)
  iter 4020  L= 768 bs=5  loss 0.0040  (0.22s/it)
  iter 4030  L= 768 bs=5  loss 0.5254  (0.22s/it)
  iter 4040  L=1024 bs=4  loss 0.2181  (0.22s/it)
  iter 4050  L= 768 bs=5  loss 0.6663  (0.22s/it)
  iter 4060  L= 256 bs=16  loss 0.3651  (0.22s/it)
  iter 4070  L= 256 bs=16  loss 0.1708  (0.22s/it)
  iter 4080  L= 256 bs=16  loss 0.0470  (0.22s/it)
  iter 4090  L= 512 bs=8  loss 0.1957  (0.22s/it)
  iter 4100  L=1024 bs=4  loss 0.0099  (0.22s/it)
  iter 4110  L=1024 bs=4  loss 0.0025  (0.22s/it)
  iter 4120  L= 512 bs=8  loss 0.0047  (0.22s/it)
  iter 4130  L= 768 bs=5  loss 0.4864  (0.22s/it)
  iter 4140  L= 768 bs=5  loss 0.0061  (0.22s/it)
  iter 4150  L= 768 bs=5  loss 0.0213  (0.22s/it)
  iter 4160  L= 768 bs=5  loss 0.0356  (0.22s/it)
  iter 4170  L= 512 bs=8  loss 0.1785  (0.22s/it)
  iter 4180  L=1024 bs=4  loss 0.1300  (0.22s/it)
  iter 4190  L= 256 bs=16  loss 0.1914  (0.22s/it)
  iter 4200  L=1024 bs=4  loss 0.0121  (0.22s/it)
  iter 4210  L= 256 bs=16  loss 0.0059  (0.22s/it)
  iter 4220  L=1024 bs=4  loss 0.0008  (0.22s/it)
  iter 4230  L= 512 bs=8  loss 0.2275  (0.22s/it)
  iter 4240  L= 768 bs=5  loss 1.0077  (0.22s/it)
  iter 4250  L= 256 bs=16  loss 0.3894  (0.22s/it)
  iter 4260  L=1024 bs=4  loss 0.1323  (0.22s/it)
  iter 4270  L= 512 bs=8  loss 0.6035  (0.22s/it)
  iter 4280  L=1024 bs=4  loss 0.0898  (0.22s/it)
  iter 4290  L=1024 bs=4  loss 0.0217  (0.22s/it)
  iter 4300  L= 256 bs=16  loss 0.0341  (0.22s/it)
  iter 4310  L= 512 bs=8  loss 0.0464  (0.22s/it)
  iter 4320  L= 256 bs=16  loss 0.1265  (0.22s/it)
  iter 4330  L= 512 bs=8  loss 0.0136  (0.22s/it)
  iter 4340  L= 256 bs=16  loss 0.0578  (0.22s/it)
  iter 4350  L=1024 bs=4  loss 0.4587  (0.22s/it)
  iter 4360  L= 256 bs=16  loss 0.2249  (0.22s/it)
  iter 4370  L= 512 bs=8  loss 0.4155  (0.22s/it)
  iter 4380  L= 256 bs=16  loss 0.0937  (0.22s/it)
  iter 4390  L= 768 bs=5  loss 0.1396  (0.22s/it)
  iter 4400  L= 512 bs=8  loss 0.0260  (0.22s/it)
  iter 4410  L= 768 bs=5  loss 0.3568  (0.22s/it)
  iter 4420  L= 256 bs=16  loss 0.2408  (0.22s/it)
  iter 4430  L= 256 bs=16  loss 0.2808  (0.22s/it)
  iter 4440  L= 512 bs=8  loss 0.2288  (0.22s/it)
  iter 4450  L= 512 bs=8  loss 0.0114  (0.22s/it)
  iter 4460  L= 512 bs=8  loss 0.2005  (0.22s/it)
  iter 4470  L= 256 bs=16  loss 0.1478  (0.22s/it)
  iter 4480  L= 256 bs=16  loss 0.0834  (0.22s/it)
  iter 4490  L= 512 bs=8  loss 0.0107  (0.22s/it)
  iter 4500  L= 256 bs=16  loss 0.1102  (0.22s/it)
  iter 4510  L= 512 bs=8  loss 0.2713  (0.22s/it)
  iter 4520  L=1024 bs=4  loss 0.3020  (0.22s/it)
  iter 4530  L= 768 bs=5  loss 0.6183  (0.22s/it)
  iter 4540  L= 256 bs=16  loss 0.1728  (0.22s/it)
  iter 4550  L= 768 bs=5  loss 0.0031  (0.22s/it)
  iter 4560  L= 256 bs=16  loss 0.0167  (0.22s/it)
  iter 4570  L= 256 bs=16  loss 0.3307  (0.22s/it)
  iter 4580  L= 512 bs=8  loss 0.2544  (0.22s/it)
  iter 4590  L=1024 bs=4  loss 0.0500  (0.22s/it)
  iter 4600  L=1024 bs=4  loss 0.0000  (0.22s/it)
  iter 4610  L= 768 bs=5  loss 0.9886  (0.22s/it)
  iter 4620  L= 256 bs=16  loss 0.1554  (0.22s/it)
  iter 4630  L= 512 bs=8  loss 0.1899  (0.22s/it)
  iter 4640  L=1024 bs=4  loss 0.0030  (0.22s/it)
  iter 4650  L= 256 bs=16  loss 0.3162  (0.22s/it)
  iter 4660  L= 512 bs=8  loss 0.3035  (0.22s/it)
  iter 4670  L=1024 bs=4  loss 0.1164  (0.22s/it)
  iter 4680  L=1024 bs=4  loss 0.0851  (0.22s/it)
  iter 4690  L= 768 bs=5  loss 0.3078  (0.22s/it)
  iter 4700  L=1024 bs=4  loss 0.0002  (0.22s/it)
  iter 4710  L= 256 bs=16  loss 0.4024  (0.22s/it)
  iter 4720  L=1024 bs=4  loss 0.0005  (0.22s/it)
  iter 4730  L= 768 bs=5  loss 0.0154  (0.22s/it)
  iter 4740  L= 768 bs=5  loss 0.3441  (0.22s/it)
  iter 4750  L= 768 bs=5  loss 1.6350  (0.22s/it)
  iter 4760  L= 512 bs=8  loss 0.4761  (0.22s/it)
  iter 4770  L= 256 bs=16  loss 0.4121  (0.22s/it)
  iter 4780  L=1024 bs=4  loss 0.0118  (0.22s/it)
  iter 4790  L= 512 bs=8  loss 0.0041  (0.22s/it)
  iter 4800  L= 256 bs=16  loss 0.1263  (0.22s/it)
  iter 4810  L= 512 bs=8  loss 0.3469  (0.22s/it)
  iter 4820  L= 768 bs=5  loss 0.0753  (0.22s/it)
  iter 4830  L=1024 bs=4  loss 0.8798  (0.22s/it)
  iter 4840  L=1024 bs=4  loss 0.5915  (0.22s/it)
  iter 4850  L= 768 bs=5  loss 0.3498  (0.22s/it)
  iter 4860  L= 512 bs=8  loss 0.1045  (0.22s/it)
  iter 4870  L= 256 bs=16  loss 0.4350  (0.22s/it)
  iter 4880  L= 512 bs=8  loss 0.0067  (0.22s/it)
  iter 4890  L= 768 bs=5  loss 0.4692  (0.22s/it)
  iter 4900  L= 256 bs=16  loss 0.6274  (0.22s/it)
  iter 4910  L=1024 bs=4  loss 0.0673  (0.22s/it)
  iter 4920  L= 256 bs=16  loss 0.0899  (0.22s/it)
  iter 4930  L= 256 bs=16  loss 0.0051  (0.22s/it)
  iter 4940  L=1024 bs=4  loss 0.0011  (0.22s/it)
  iter 4950  L= 768 bs=5  loss 0.5639  (0.22s/it)
  iter 4960  L= 256 bs=16  loss 0.1156  (0.22s/it)
  iter 4970  L= 768 bs=5  loss 0.3682  (0.22s/it)
  iter 4980  L= 256 bs=16  loss 0.3914  (0.22s/it)
  iter 4990  L= 256 bs=16  loss 0.9220  (0.22s/it)
  iter 5000  L= 256 bs=16  loss 0.2654  (0.22s/it)
Passkey accuracy after fine-tuning (cross_shift_c=0.0):
  ctx=   512  exact=0.96  first_token=1.00
  ctx=  1024  exact=0.96  first_token=1.00
  ctx=  2048  exact=0.97  first_token=1.00
  ctx=  4096  exact=0.95  first_token=1.00
  ctx=  8192  exact=0.92  first_token=0.99
  ctx= 16384  exact=0.90  first_token=1.00
Passkey accuracy after fine-tuning (cross_shift_c=1.0):
  ctx=   512  exact=0.96  first_token=1.00
  ctx=  1024  exact=0.96  first_token=1.00
  ctx=  2048  exact=0.97  first_token=1.00
  ctx=  4096  exact=0.95  first_token=1.00
  ctx=  8192  exact=0.92  first_token=0.99
  ctx= 16384  exact=0.98  first_token=1.00
